source_id,category,grade,accuracy,availability,response_time,volatility,update_frequency,integrity,error_rate,historical
btc_binance,bitcoin_price,A+,99.2290971858894,100.0,64.85593318939209,50.0,99.99999993082682,100.0,0.0,50.0
btc_coinbase,bitcoin_price,B,85.56391554406113,89.88323068086963,39.30058479309082,70.0,80.0,90.0,85.0,75.0
btc_kraken,bitcoin_price,D,25.2243173122406,17.65702211856842,24.14391040802002,70.0,80.0,90.0,85.0,75.0
btc_bitstamp,bitcoin_price,B,84.85274110034302,89.38408492243445,16.035985946655273,70.0,80.0,90.0,85.0,75.0
btc_okx,bitcoin_price,B,85.6165046452548,89.91917236320701,41.34378433227539,70.0,80.0,90.0,85.0,75.0
btc_bybit,bitcoin_price,D,25.6457417011261,17.952019190788267,38.19139003753662,70.0,80.0,90.0,85.0,75.0
btc_gate,bitcoin_price,D,24.8289532661438,17.380267286300658,10.965108871459961,70.0,80.0,90.0,85.0,75.0
btc_kucoin,bitcoin_price,B,85.5243058854854,89.85251942114161,38.97509574890137,70.0,80.0,90.0,85.0,75.0
btc_mexc,bitcoin_price,B,85.465567325045,89.81058206915007,37.2905969619751,70.0,80.0,90.0,85.0,75.0
btc_coingecko,bitcoin_price,D,26.024656295776367,18.217259407043457,50.821876525878906,70.0,80.0,90.0,85.0,75.0
eth_binance,ethereum_price,A+,98.83471382889515,100.0,72.77453899383545,50.0,99.99999969889323,100.0,0.0,50.0
eth_coinbase,ethereum_price,A+,85.84598843076837,90.07382558043012,50.98838806152344,70.0,80.0,90.0,85.0,75.0
eth_kraken,ethereum_price,D,25.392425298690796,17.774697709083554,29.747509956359863,70.0,80.0,90.0,85.0,75.0
eth_bitstamp,ethereum_price,B,84.11697964874199,88.86873933480017,0.0,70.0,80.0,90.0,85.0,75.0
eth_okx,ethereum_price,A+,86.02386410681325,90.2151582372023,51.31101608276367,70.0,80.0,90.0,85.0,75.0
eth_bybit,ethereum_price,D,25.72532606124878,18.007728242874144,40.84420204162598,70.0,80.0,90.0,85.0,75.0
eth_gate,ethereum_price,D,25.438124418258667,17.806687092781065,31.270813941955566,70.0,80.0,90.0,85.0,75.0
eth_kucoin,ethereum_price,B,85.84798837755723,90.09236744288287,45.34108638763428,70.0,80.0,90.0,85.0,75.0
eth_mexc,ethereum_price,A+,85.93567221505066,90.15413278852002,48.13499450683594,70.0,80.0,90.0,85.0,75.0
eth_coingecko,ethereum_price,D,25.89013957977295,18.12309770584106,46.33798599243164,70.0,80.0,90.0,85.0,75.0
bnb_binance,bnb_price,A+,0.670425726409004,100.0,85.11445999145508,50.0,99.99999997151693,100.0,0.0,50.0
bnb_bybit,bnb_price,D,26.023367404937744,18.21635718345642,50.778913497924805,70.0,80.0,90.0,85.0,75.0
bnb_gate,bnb_price,D,25.434365034103394,17.804055523872375,31.145501136779785,70.0,80.0,90.0,85.0,75.0
bnb_kucoin,bnb_price,B,55.664803981781006,38.965362787246704,38.826799392700195,70.0,80.0,90.0,85.0,75.0
bnb_mexc,bnb_price,B,56.01917028427124,39.21341919898987,50.63900947570801,70.0,80.0,90.0,85.0,75.0
bnb_huobi,bnb_price,D,25.709179878234863,17.9964259147644,40.30599594116211,70.0,80.0,90.0,85.0,75.0
bnb_coingecko,bnb_price,D,25.822279691696167,18.075595784187314,44.075989723205566,70.0,80.0,90.0,85.0,75.0
bnb_crypto_com,bnb_price,D,24.987425327301025,17.491197729110716,16.24751091003418,70.0,80.0,90.0,85.0,75.0
bnb_bitfinex,bnb_price,D,25.440826654434204,17.80857865810394,31.360888481140137,70.0,80.0,90.0,85.0,75.0
bnb_bingx,bnb_price,D,25.12815833091736,17.58971083164215,20.938611030578613,70.0,80.0,90.0,85.0,75.0
ada_binance,cardano_price,A+,0.670425726409004,100.0,92.51642227172852,50.0,99.99999996744792,100.0,0.0,50.0
ada_coinbase,cardano_price,B,55.31889772415161,38.723228406906124,27.29659080505371,70.0,80.0,90.0,85.0,75.0
ada_kraken,cardano_price,D,25.226581811904907,17.658607268333434,24.219393730163574,70.0,80.0,90.0,85.0,75.0
ada_bitstamp,cardano_price,B,54.507248401641846,38.15507388114929,0.24161338806152344,70.0,80.0,90.0,85.0,75.0
ada_bybit,cardano_price,D,25.998445749282837,18.198912024497986,49.94819164276123,70.0,80.0,90.0,85.0,75.0
ada_gate,cardano_price,D,25.534064531326294,17.873845171928405,34.468817710876465,70.0,80.0,90.0,85.0,75.0
ada_kucoin,cardano_price,B,55.739367961883545,39.01755757331848,41.312265396118164,70.0,80.0,90.0,85.0,75.0
ada_mexc,cardano_price,B,55.671865701675415,38.970305991172786,39.06219005584717,70.0,80.0,90.0,85.0,75.0
ada_okx,cardano_price,B,55.612550258636475,38.92878518104553,37.08500862121582,70.0,80.0,90.0,85.0,75.0
ada_coingecko,cardano_price,D,25.186936616897583,17.630855631828307,22.897887229919434,70.0,80.0,90.0,85.0,75.0
xrp_binance,xrp_price,A+,0.670425726409004,100.0,70.2962589263916,50.0,99.99999969482423,100.0,0.0,50.0
xrp_coinbase,xrp_price,B,54.6034038066864,38.22238266468048,3.446793556213379,70.0,80.0,90.0,85.0,75.0
xrp_kraken,xrp_price,D,24.747130870819092,17.322991609573364,8.237695693969727,70.0,80.0,90.0,85.0,75.0
xrp_bitstamp,xrp_price,B,55.869889974594116,39.10892298221588,45.66299915313721,70.0,80.0,90.0,85.0,75.0
xrp_bybit,xrp_price,D,26.00756025314331,18.205292177200317,50.25200843811035,70.0,80.0,90.0,85.0,75.0
xrp_gate,xrp_price,D,25.408090829849243,17.785663580894468,30.269694328308105,70.0,80.0,90.0,85.0,75.0
xrp_kucoin,xrp_price,B,55.607105016708374,38.92497351169586,36.9035005569458,70.0,80.0,90.0,85.0,75.0
xrp_mexc,xrp_price,B,55.872276067733765,39.11059324741363,45.74253559112549,70.0,80.0,90.0,85.0,75.0
xrp_okx,xrp_price,B,55.808831453323364,39.066182017326355,43.62771511077881,70.0,80.0,90.0,85.0,75.0
xrp_coingecko,xrp_price,D,25.35938262939453,17.751567840576172,28.646087646484375,70.0,80.0,90.0,85.0,75.0
doge_binance,dogecoin_price,A+,0.670425726409004,100.0,77.10265636444092,50.0,99.99999986572266,100.0,0.0,50.0
doge_coinbase,dogecoin_price,B,55.206679821014404,38.64467587471008,23.555994033813477,70.0,80.0,90.0,85.0,75.0
doge_kraken,dogecoin_price,D,25.40403175354004,17.782822227478025,30.13439178466797,70.0,80.0,90.0,85.0,75.0
doge_bitstamp,dogecoin_price,B,54.25628089904785,37.97939662933349,0.0,70.0,80.0,90.0,85.0,75.0
doge_bybit,dogecoin_price,D,25.858376502990723,18.100863552093504,45.27921676635742,70.0,80.0,90.0,85.0,75.0
doge_gate,dogecoin_price,D,25.45956778526306,17.82169744968414,31.98559284210205,70.0,80.0,90.0,85.0,75.0
doge_kucoin,dogecoin_price,B,55.65866994857788,38.96106896400451,38.622331619262695,70.0,80.0,90.0,85.0,75.0
doge_mexc,dogecoin_price,B,56.122334480285645,39.285634136199945,54.077816009521484,70.0,80.0,90.0,85.0,75.0
doge_okx,dogecoin_price,B,56.110103607177734,39.27707252502441,53.67012023925781,70.0,80.0,90.0,85.0,75.0
doge_coingecko,dogecoin_price,D,24.320462226867676,17.02432355880737,0.0,70.0,80.0,90.0,85.0,75.0
sol_binance,solana_price,A+,0.670425726409004,100.0,77.69167900085449,50.0,99.99999995117187,100.0,0.0,50.0
sol_coinbase,solana_price,B,56.0538866519928,39.237720656394956,51.79622173309326,70.0,80.0,90.0,85.0,75.0
sol_kraken,solana_price,D,25.073038578033447,17.55112700462341,19.101285934448242,70.0,80.0,90.0,85.0,75.0
sol_bybit,solana_price,D,25.823365449905396,18.076355814933777,44.112181663513184,70.0,80.0,90.0,85.0,75.0
sol_gate,solana_price,D,25.531420946121216,17.87199466228485,34.38069820404053,70.0,80.0,90.0,85.0,75.0
sol_kucoin,solana_price,B,55.78448271751404,39.04913790225982,42.81609058380127,70.0,80.0,90.0,85.0,75.0
sol_mexc,solana_price,B,55.756328105926514,39.02942967414856,41.87760353088379,70.0,80.0,90.0,85.0,75.0
sol_okx,solana_price,B,55.91390037536621,39.139730262756345,47.13001251220703,70.0,80.0,90.0,85.0,75.0
sol_coingecko,solana_price,D,25.48835325241089,17.84184727668762,32.94510841369629,70.0,80.0,90.0,85.0,75.0
sol_huobi,solana_price,D,25.853047847747803,18.09713349342346,45.10159492492676,70.0,80.0,90.0,85.0,75.0
trx_binance,tron_price,A+,0.670425726409004,100.0,91.63916110992432,50.0,99.99999993489584,100.0,0.0,50.0
trx_coinbase,tron_price,D,25.286752700805664,17.700726890563963,26.22509002685547,70.0,80.0,90.0,85.0,75.0
trx_kraken,tron_price,D,24.105592966079712,16.8739150762558,0.0,70.0,80.0,90.0,85.0,75.0
trx_bybit,tron_price,D,26.004356622695923,18.203049635887144,50.14522075653076,70.0,80.0,90.0,85.0,75.0
trx_gate,tron_price,D,25.379764556884766,17.765835189819335,29.325485229492188,70.0,80.0,90.0,85.0,75.0
trx_kucoin,tron_price,B,55.79919195175171,39.05943436622619,43.30639839172363,70.0,80.0,90.0,85.0,75.0
trx_mexc,tron_price,B,55.86073184013367,39.102512288093564,45.357728004455566,70.0,80.0,90.0,85.0,75.0
trx_okx,tron_price,B,56.097278356552124,39.26809484958648,53.2426118850708,70.0,80.0,90.0,85.0,75.0
trx_coingecko,tron_price,D,25.85059094429016,18.09541366100311,45.01969814300537,70.0,80.0,90.0,85.0,75.0
trx_huobi,tron_price,D,23.954171895980835,16.767920327186584,0.0,70.0,80.0,90.0,85.0,75.0
dot_binance,polkadot_price,A+,0.670425726409004,100.0,92.09596157073975,50.0,99.99999996744792,100.0,0.0,50.0
dot_coinbase,polkadot_price,B,56.03353404998779,39.22347383499145,51.117801666259766,70.0,80.0,90.0,85.0,75.0
dot_kraken,polkadot_price,D,24.071566820144653,16.850096774101257,0.0,70.0,80.0,90.0,85.0,75.0
dot_bybit,polkadot_price,D,25.89397692680359,18.12578384876251,46.46589756011963,70.0,80.0,90.0,85.0,75.0
dot_gate,polkadot_price,D,25.153139352798462,17.607197546958922,21.77131175994873,70.0,80.0,90.0,85.0,75.0
dot_kucoin,polkadot_price,B,55.59147810935974,38.914034676551815,36.38260364532471,70.0,80.0,90.0,85.0,75.0
dot_mexc,polkadot_price,B,55.750741958618164,39.025519371032715,41.69139862060547,70.0,80.0,90.0,85.0,75.0
dot_okx,polkadot_price,B,55.935410261154175,39.15478718280792,47.84700870513916,70.0,80.0,90.0,85.0,75.0
dot_coingecko,polkadot_price,D,25.313287258148193,17.719301080703733,27.109575271606445,70.0,80.0,90.0,85.0,75.0
dot_huobi,polkadot_price,D,25.826650619506836,18.078655433654784,44.22168731689453,70.0,80.0,90.0,85.0,75.0
avax_binance,avalanche_price,A+,0.670425726409004,100.0,92.18380451202393,50.0,99.99999996744792,100.0,0.0,50.0
avax_coinbase,avalanche_price,B,55.05271673202515,38.5369017124176,18.423891067504883,70.0,80.0,90.0,85.0,75.0
avax_kraken,avalanche_price,D,25.38572335243225,17.770006346702573,29.5241117477417,70.0,80.0,90.0,85.0,75.0
avax_okx,avalanche_price,D,25.900585889816284,18.130410122871396,46.68619632720947,70.0,80.0,90.0,85.0,75.0
avax_huobi,avalanche_price,D,25.863073587417603,18.10415151119232,45.43578624725342,70.0,80.0,90.0,85.0,75.0
avax_kucoin,avalanche_price,B,55.864376068115234,39.10506324768066,45.47920227050781,70.0,80.0,90.0,85.0,75.0
avax_gate,avalanche_price,D,25.503698348999023,17.852588844299316,33.45661163330078,70.0,80.0,90.0,85.0,75.0
avax_mexc,avalanche_price,B,55.842071533203125,39.08945007324218,44.7357177734375,70.0,80.0,90.0,85.0,75.0
avax_crypto,avalanche_price,D,25.56876230239868,17.898133611679075,35.625410079956055,70.0,80.0,90.0,85.0,75.0
avax_bitfinex,avalanche_price,D,25.18922257423401,17.632455801963804,22.974085807800293,70.0,80.0,90.0,85.0,75.0
virt_A+_0001,virtual_cluster,A+,88.59773651389557,98.7634135739751,78.34555702579972,96.66198381600732,93.25868993277952,93.64600920176703,38.68554851154636,83.97310561127065
virt_A+_0002,virtual_cluster,A+,89.4,90.9,93.4,100.0,87.1,90.0,51.9,86.4
virt_A+_0003,virtual_cluster,A+,93.0,91.7,88.5,100.0,88.8,89.7,40.3,82.8
virt_A+_0004,virtual_cluster,A+,93.2,91.4,62.5,100.0,87.6,89.6,55.1,89.9
virt_A+_0005,virtual_cluster,A+,87.8,90.3,73.0,100.0,91.7,87.3,48.7,77.2
virt_A+_0006,virtual_cluster,A+,79.1,81.3,93.6,100.0,84.8,80.9,64.3,73.8
virt_A+_0007,virtual_cluster,A+,81.5,81.0,97.6,100.0,82.1,80.5,65.2,75.5
virt_A+_0008,virtual_cluster,A+,88.2,92.4,85.3,100.0,87.2,88.6,55.9,81.8
virt_A+_0009,virtual_cluster,A+,88.2,84.2,92.7,100.0,85.5,88.8,59.1,73.2
virt_A+_0010,virtual_cluster,A+,87.5,89.0,83.1,100.0,87.8,87.8,50.5,82.2
virt_A+_0011,virtual_cluster,A+,86.1,87.7,76.4,100.0,93.7,84.8,57.5,72.5
virt_A+_0012,virtual_cluster,A+,70.7,78.7,80.2,100.0,82.8,73.1,59.6,74.2
virt_A+_0013,virtual_cluster,A+,85.5,86.6,79.8,100.0,86.4,87.0,61.4,77.9
virt_A+_0014,virtual_cluster,A+,92.9,96.0,80.1,100.0,95.8,91.5,50.3,83.8
virt_A+_0015,virtual_cluster,A+,84.3,84.8,84.1,100.0,88.1,87.0,52.5,77.9
virt_A+_0016,virtual_cluster,A+,100.0,90.5,86.1,100.0,88.1,97.0,50.1,85.9
virt_A+_0017,virtual_cluster,A+,88.0,90.1,65.7,100.0,87.3,88.7,53.8,79.1
virt_A+_0018,virtual_cluster,A+,95.8,86.8,78.9,100.0,91.5,94.3,49.6,84.7
virt_A+_0019,virtual_cluster,A+,84.1,81.9,88.4,100.0,83.1,86.1,53.6,72.9
virt_A+_0020,virtual_cluster,A+,81.7,85.9,80.7,100.0,86.1,84.0,60.7,75.2
virt_A+_0021,virtual_cluster,A+,82.3,82.2,87.2,100.0,82.6,82.2,67.0,73.4
virt_A+_0022,virtual_cluster,A+,86.7,88.1,75.1,100.0,89.6,86.6,52.6,78.3
virt_A+_0023,virtual_cluster,A+,83.2,87.6,85.0,100.0,86.3,81.1,51.2,72.5
virt_A+_0024,virtual_cluster,A+,83.1,88.2,87.7,100.0,83.8,84.5,50.4,76.2
virt_A+_0025,virtual_cluster,A+,97.2,94.1,83.0,100.0,94.2,95.3,52.1,88.3
virt_A+_0026,virtual_cluster,A+,93.0,86.3,78.5,100.0,87.6,90.7,39.8,79.2
virt_A+_0027,virtual_cluster,A+,81.6,80.9,86.2,100.0,87.8,83.7,70.3,75.5
virt_A+_0028,virtual_cluster,A+,81.6,79.2,79.1,100.0,86.3,82.5,60.5,70.5
virt_A+_0029,virtual_cluster,A+,89.8,87.7,84.5,100.0,88.3,90.3,50.3,79.3
virt_A+_0030,virtual_cluster,A+,86.5,87.9,88.3,100.0,87.6,87.6,50.8,82.5
virt_A+_0031,virtual_cluster,A+,84.3,83.0,83.1,100.0,87.1,83.5,57.9,71.4
virt_A+_0032,virtual_cluster,A+,98.3,89.8,78.7,100.0,86.7,96.2,50.9,87.3
virt_A+_0033,virtual_cluster,A+,88.6,84.5,77.7,100.0,81.6,87.6,45.7,76.1
virt_A+_0034,virtual_cluster,A+,82.0,81.3,80.3,100.0,85.9,82.7,47.4,77.7
virt_A+_0035,virtual_cluster,A+,100.0,96.1,89.4,100.0,91.8,97.7,44.1,83.1
virt_A+_0036,virtual_cluster,A+,76.8,77.6,82.2,100.0,82.6,79.9,61.6,63.3
virt_A+_0037,virtual_cluster,A+,85.2,87.3,84.5,100.0,82.5,83.9,56.1,74.3
virt_A+_0038,virtual_cluster,A+,100.0,100.0,79.3,100.0,99.5,99.3,33.6,85.5
virt_A+_0039,virtual_cluster,A+,84.4,85.4,89.8,100.0,83.2,85.1,60.2,79.4
virt_A+_0040,virtual_cluster,A+,94.7,95.1,77.8,100.0,96.0,93.1,54.7,81.3
virt_A+_0041,virtual_cluster,A+,87.8,88.1,86.6,100.0,87.3,86.3,46.2,77.0
virt_A+_0042,virtual_cluster,A+,86.2,82.8,74.1,100.0,85.0,85.0,56.0,77.9
virt_A+_0043,virtual_cluster,A+,80.0,87.3,79.2,100.0,85.1,82.5,60.3,67.4
virt_A+_0044,virtual_cluster,A+,92.2,91.5,84.8,100.0,90.4,89.9,47.4,80.7
virt_A+_0045,virtual_cluster,A+,90.8,91.9,68.0,100.0,93.4,88.3,47.9,76.9
virt_A+_0046,virtual_cluster,A+,81.0,86.2,93.2,100.0,94.8,82.6,49.7,63.4
virt_A+_0047,virtual_cluster,A+,88.6,84.5,73.2,100.0,86.0,88.5,52.0,83.6
virt_A+_0048,virtual_cluster,A+,77.3,76.9,80.4,100.0,83.2,76.2,73.8,64.2
virt_A+_0049,virtual_cluster,A+,89.5,86.0,80.6,100.0,87.7,89.4,53.6,73.9
virt_A+_0050,virtual_cluster,A+,96.5,98.2,76.3,100.0,95.9,95.4,41.1,89.4
virt_A+_0051,virtual_cluster,A+,94.2,87.5,67.5,100.0,85.9,92.1,46.0,82.0
virt_A+_0052,virtual_cluster,A+,81.4,89.3,84.2,100.0,90.6,81.2,59.5,80.6
virt_A+_0053,virtual_cluster,A+,93.3,88.8,86.9,100.0,87.6,91.4,46.3,86.0
virt_A+_0054,virtual_cluster,A+,72.4,76.3,77.5,100.0,82.6,74.3,70.3,69.5
virt_A+_0055,virtual_cluster,A+,92.4,91.0,82.4,100.0,91.7,91.5,48.8,84.0
virt_A+_0056,virtual_cluster,A+,90.6,85.9,82.2,100.0,80.6,87.7,52.7,76.7
virt_A+_0057,virtual_cluster,A+,85.4,84.1,78.6,100.0,89.0,83.0,61.7,81.3
virt_A+_0058,virtual_cluster,A+,81.7,81.4,93.4,100.0,88.0,81.2,56.5,73.7
virt_A+_0059,virtual_cluster,A+,88.6,88.5,83.6,100.0,89.4,87.4,50.2,89.5
virt_A+_0060,virtual_cluster,A+,84.2,87.6,79.2,100.0,87.0,82.5,55.0,78.6
virt_A+_0061,virtual_cluster,A+,87.8,92.1,80.2,100.0,87.9,87.2,54.1,80.3
virt_A+_0062,virtual_cluster,A+,82.9,88.7,79.6,100.0,90.1,82.3,62.9,77.0
virt_A+_0063,virtual_cluster,A+,90.8,88.8,72.6,100.0,90.6,88.6,58.4,83.9
virt_A+_0064,virtual_cluster,A+,82.4,81.4,86.5,100.0,80.8,83.5,54.1,73.5
virt_A+_0065,virtual_cluster,A+,93.7,91.8,100.0,100.0,87.5,93.2,49.7,93.6
virt_A+_0066,virtual_cluster,A+,82.2,85.4,87.7,100.0,79.8,85.1,60.4,68.2
virt_A+_0067,virtual_cluster,A+,89.6,88.6,84.2,100.0,89.7,89.4,54.7,78.5
virt_A+_0068,virtual_cluster,A+,85.6,86.3,93.6,100.0,88.8,85.4,59.5,83.6
virt_A+_0069,virtual_cluster,A+,84.6,89.1,74.2,100.0,84.0,86.8,58.9,79.5
virt_A+_0070,virtual_cluster,A+,93.2,92.1,80.8,100.0,88.8,89.4,52.6,82.4
virt_A+_0071,virtual_cluster,A+,91.4,96.4,86.4,100.0,95.4,91.2,34.4,82.2
virt_A+_0072,virtual_cluster,A+,83.4,86.3,89.2,100.0,81.9,85.6,57.7,81.1
virt_A+_0073,virtual_cluster,A+,83.4,82.5,69.8,100.0,84.4,84.6,52.5,68.6
virt_A+_0074,virtual_cluster,A+,92.8,93.7,94.0,100.0,91.8,91.9,43.2,85.8
virt_A+_0075,virtual_cluster,A+,80.1,86.1,72.4,100.0,85.2,81.8,55.0,72.0
virt_A+_0076,virtual_cluster,A+,76.4,77.1,84.4,100.0,82.9,79.9,65.1,64.9
virt_A+_0077,virtual_cluster,A+,87.5,84.4,88.4,100.0,84.4,86.3,54.7,78.9
virt_A+_0078,virtual_cluster,A+,88.8,87.0,75.5,100.0,86.8,90.2,45.1,78.7
virt_A+_0079,virtual_cluster,A+,80.6,80.2,87.2,100.0,84.4,81.6,58.4,67.6
virt_A+_0080,virtual_cluster,A+,88.5,86.8,72.8,100.0,83.3,86.4,51.0,86.3
virt_A+_0081,virtual_cluster,A+,85.9,83.0,67.9,100.0,85.2,86.6,54.6,68.0
virt_A+_0082,virtual_cluster,A+,80.8,83.5,82.1,100.0,88.3,80.1,63.0,72.8
virt_A+_0083,virtual_cluster,A+,80.2,83.3,85.7,100.0,81.0,80.4,53.4,78.1
virt_A+_0084,virtual_cluster,A+,85.9,86.6,81.0,100.0,87.1,86.1,60.3,79.1
virt_A+_0085,virtual_cluster,A+,85.3,85.5,77.1,100.0,87.9,85.5,51.8,79.0
virt_A+_0086,virtual_cluster,A+,86.2,81.5,85.7,100.0,80.9,84.6,49.8,71.8
virt_A+_0087,virtual_cluster,A+,92.8,94.5,81.2,100.0,92.6,91.7,42.7,82.1
virt_A+_0088,virtual_cluster,A+,100.0,97.9,81.6,100.0,96.3,97.7,46.1,88.0
virt_A+_0089,virtual_cluster,A+,83.0,79.8,76.5,100.0,84.4,83.9,49.1,70.1
virt_A+_0090,virtual_cluster,A+,85.7,81.2,86.3,100.0,86.9,85.9,63.9,72.4
virt_A+_0091,virtual_cluster,A+,84.4,89.4,74.7,100.0,83.7,83.5,41.4,77.5
virt_A+_0092,virtual_cluster,A+,91.4,94.0,68.4,100.0,92.8,88.0,49.6,92.8
virt_A+_0093,virtual_cluster,A+,88.5,88.3,87.3,100.0,85.3,86.6,50.0,78.0
virt_A+_0094,virtual_cluster,A+,86.6,87.1,78.1,100.0,86.5,85.6,53.7,73.1
virt_A+_0095,virtual_cluster,A+,91.2,86.2,78.2,100.0,85.6,89.4,59.7,80.0
virt_A+_0096,virtual_cluster,A+,83.6,90.7,86.9,100.0,87.5,85.6,48.8,75.0
virt_A+_0097,virtual_cluster,A+,75.6,80.4,81.8,100.0,81.8,77.3,64.7,66.4
virt_A+_0098,virtual_cluster,A+,80.9,80.3,79.3,100.0,83.6,81.5,66.1,73.7
virt_A+_0099,virtual_cluster,A+,85.5,84.3,84.1,100.0,85.6,84.2,48.9,77.9
virt_A+_0100,virtual_cluster,A+,89.6,97.1,72.3,100.0,89.7,89.6,36.6,75.8
virt_A+_0101,virtual_cluster,A+,81.7,76.0,71.6,100.0,79.8,84.4,61.2,68.5
virt_A+_0102,virtual_cluster,A+,82.0,86.4,79.8,100.0,87.3,83.5,52.8,72.7
virt_A+_0103,virtual_cluster,A+,84.3,88.9,85.8,100.0,88.3,86.1,54.1,76.4
virt_A+_0104,virtual_cluster,A+,84.9,86.6,70.2,100.0,81.9,85.5,63.7,73.9
virt_A+_0105,virtual_cluster,A+,91.4,87.3,68.8,100.0,82.3,90.3,53.1,84.8
virt_A+_0106,virtual_cluster,A+,90.2,90.8,83.5,100.0,87.8,89.4,49.1,88.2
virt_A+_0107,virtual_cluster,A+,85.8,85.3,91.0,100.0,82.7,87.0,56.1,78.7
virt_A+_0108,virtual_cluster,A+,93.3,88.9,85.9,100.0,89.2,93.3,47.4,80.2
virt_A+_0109,virtual_cluster,A+,83.0,86.7,68.7,100.0,90.0,82.8,60.4,75.0
virt_A+_0110,virtual_cluster,A+,91.6,88.6,83.6,100.0,86.9,91.2,56.9,79.1
virt_A+_0111,virtual_cluster,A+,89.1,90.0,76.4,100.0,84.3,90.2,45.7,80.1
virt_A+_0112,virtual_cluster,A+,86.3,87.2,75.2,100.0,88.8,83.5,50.9,80.7
virt_A+_0113,virtual_cluster,A+,86.6,87.2,85.7,100.0,87.8,87.2,56.5,74.8
virt_A+_0114,virtual_cluster,A+,84.4,86.2,88.8,100.0,85.6,83.7,45.2,75.5
virt_A+_0115,virtual_cluster,A+,72.9,76.1,89.2,100.0,83.4,74.7,57.0,67.2
virt_A+_0116,virtual_cluster,A+,81.9,86.4,83.4,100.0,86.5,81.3,52.1,74.6
virt_A+_0117,virtual_cluster,A+,80.2,84.0,82.9,100.0,83.8,83.8,58.6,79.9
virt_A+_0118,virtual_cluster,A+,80.7,80.8,81.9,100.0,84.2,82.4,65.5,71.4
virt_A+_0119,virtual_cluster,A+,91.5,92.7,86.3,100.0,94.4,89.7,52.7,81.2
virt_A+_0120,virtual_cluster,A+,90.1,89.1,85.1,100.0,89.1,90.0,70.6,84.4
virt_A+_0121,virtual_cluster,A+,94.2,91.7,79.6,100.0,84.7,92.5,53.3,83.9
virt_A+_0122,virtual_cluster,A+,94.6,96.3,78.8,100.0,89.2,93.1,59.4,95.0
virt_A+_0123,virtual_cluster,A+,95.6,91.2,74.5,100.0,84.9,93.3,57.8,86.8
virt_A+_0124,virtual_cluster,A+,89.1,86.9,75.5,100.0,86.0,89.1,45.9,84.7
virt_A+_0125,virtual_cluster,A+,89.4,83.8,76.8,100.0,80.6,87.1,45.6,77.5
virt_A+_0126,virtual_cluster,A+,83.5,87.2,92.9,100.0,88.8,84.3,53.9,80.1
virt_A+_0127,virtual_cluster,A+,84.4,83.2,81.8,100.0,83.7,84.6,51.9,69.9
virt_A+_0128,virtual_cluster,A+,73.4,73.5,93.9,100.0,84.1,75.5,71.3,70.4
virt_A+_0129,virtual_cluster,A+,97.3,90.3,76.2,100.0,90.2,95.8,52.6,85.0
virt_A+_0130,virtual_cluster,A+,78.4,86.7,85.7,100.0,88.2,79.1,56.1,71.2
virt_A+_0131,virtual_cluster,A+,85.6,82.3,77.1,100.0,89.8,86.6,57.5,73.0
virt_A+_0132,virtual_cluster,A+,93.0,91.3,87.9,100.0,87.4,91.5,46.2,83.9
virt_A+_0133,virtual_cluster,A+,84.0,83.1,94.4,100.0,84.9,82.2,53.5,77.3
virt_A+_0134,virtual_cluster,A+,90.7,82.8,85.7,100.0,86.9,89.7,40.6,81.9
virt_A+_0135,virtual_cluster,A+,89.7,88.8,86.4,100.0,89.0,87.5,47.3,77.8
virt_A+_0136,virtual_cluster,A+,77.5,84.5,78.4,100.0,85.6,79.2,51.8,74.1
virt_A+_0137,virtual_cluster,A+,86.0,87.8,76.2,100.0,83.5,86.6,53.1,80.3
virt_A+_0138,virtual_cluster,A+,79.5,85.9,80.6,100.0,81.3,81.5,59.4,74.6
virt_A+_0139,virtual_cluster,A+,85.1,84.9,87.9,100.0,86.0,86.3,51.8,75.2
virt_A+_0140,virtual_cluster,A+,85.8,86.9,87.0,100.0,85.3,84.3,38.6,75.8
virt_A+_0141,virtual_cluster,A+,81.9,78.1,85.3,100.0,81.1,84.4,75.6,67.4
virt_A+_0142,virtual_cluster,A+,82.0,81.8,86.1,100.0,80.7,83.7,55.9,71.6
virt_A+_0143,virtual_cluster,A+,90.1,89.6,85.1,100.0,88.0,90.8,50.6,84.2
virt_A+_0144,virtual_cluster,A+,81.9,81.7,84.5,100.0,82.6,82.4,56.1,66.3
virt_A+_0145,virtual_cluster,A+,83.2,82.7,90.1,100.0,80.8,83.2,57.2,78.6
virt_A+_0146,virtual_cluster,A+,93.5,93.7,81.9,100.0,88.6,93.4,41.8,84.8
virt_A+_0147,virtual_cluster,A+,90.3,93.6,76.7,100.0,90.9,87.8,51.8,81.7
virt_A+_0148,virtual_cluster,A+,95.9,91.7,78.6,100.0,94.0,94.5,53.7,87.5
virt_A+_0149,virtual_cluster,A+,81.5,76.2,99.3,100.0,81.5,81.9,66.7,71.6
virt_A+_0150,virtual_cluster,A+,93.2,89.3,96.7,100.0,84.9,92.7,45.8,79.5
virt_A_0151,virtual_cluster,A+,72.2,70.5,68.1,100.0,71.6,73.5,61.2,63.9
virt_A_0152,virtual_cluster,A,68.1,66.1,68.0,100.0,71.6,68.4,76.0,55.6
virt_A_0153,virtual_cluster,A,64.1,65.2,78.1,100.0,71.9,64.0,65.0,51.0
virt_A_0154,virtual_cluster,A+,78.0,77.0,69.5,100.0,74.1,80.6,65.1,57.9
virt_A_0155,virtual_cluster,A+,73.3,77.3,68.1,100.0,76.1,71.7,62.1,66.4
virt_A_0156,virtual_cluster,A+,72.8,72.6,63.1,100.0,78.6,75.0,59.0,65.6
virt_A_0157,virtual_cluster,A,66.4,66.9,72.1,100.0,67.9,68.4,56.2,66.3
virt_A_0158,virtual_cluster,A+,87.7,87.1,66.2,100.0,83.0,85.3,48.7,72.4
virt_A_0159,virtual_cluster,A,72.4,68.2,75.0,100.0,77.4,72.0,75.8,59.9
virt_A_0160,virtual_cluster,A,67.8,70.3,59.9,100.0,78.2,72.3,78.5,74.1
virt_A_0161,virtual_cluster,A+,75.7,70.2,81.6,100.0,72.4,75.2,67.9,55.2
virt_A_0162,virtual_cluster,A+,76.7,74.2,69.9,100.0,76.1,79.4,57.3,69.2
virt_A_0163,virtual_cluster,A+,74.2,79.8,81.2,100.0,74.3,76.0,70.1,67.9
virt_A_0164,virtual_cluster,A+,72.7,69.4,82.3,100.0,77.6,73.7,67.5,63.5
virt_A_0165,virtual_cluster,A+,85.1,82.9,80.7,100.0,86.8,80.4,55.8,78.7
virt_A_0166,virtual_cluster,A+,80.0,71.4,62.7,100.0,72.6,78.9,62.2,75.4
virt_A_0167,virtual_cluster,A+,76.1,77.7,82.4,100.0,79.6,75.4,60.9,73.8
virt_A_0168,virtual_cluster,A,60.3,63.5,83.6,100.0,73.4,59.0,88.7,51.5
virt_A_0169,virtual_cluster,A+,79.9,78.7,72.8,100.0,75.6,77.7,69.1,63.2
virt_A_0170,virtual_cluster,A+,85.6,88.2,99.6,100.0,85.1,83.6,48.4,74.2
virt_A_0171,virtual_cluster,A+,81.5,79.1,77.6,100.0,82.7,79.2,51.2,71.9
virt_A_0172,virtual_cluster,A+,85.9,77.3,75.2,100.0,77.0,83.5,56.6,71.2
virt_A_0173,virtual_cluster,A+,75.8,80.1,68.1,100.0,78.9,79.1,62.2,69.8
virt_A_0174,virtual_cluster,A+,75.6,75.6,74.2,100.0,77.5,76.3,76.1,63.7
virt_A_0175,virtual_cluster,A+,79.8,81.0,69.9,100.0,82.5,82.6,74.5,73.0
virt_A_0176,virtual_cluster,A+,87.8,94.4,62.9,100.0,83.9,84.0,48.9,76.0
virt_A_0177,virtual_cluster,A+,77.1,77.8,82.3,100.0,76.9,77.5,69.8,67.9
virt_A_0178,virtual_cluster,A+,79.7,81.2,72.0,100.0,79.4,79.3,64.4,79.7
virt_A_0179,virtual_cluster,A,67.5,73.7,70.0,100.0,77.0,69.6,70.0,66.6
virt_A_0180,virtual_cluster,A+,92.1,89.3,58.4,100.0,83.1,90.3,52.4,83.3
virt_A_0181,virtual_cluster,A+,67.7,79.1,82.6,100.0,80.7,68.8,58.0,63.6
virt_A_0182,virtual_cluster,A+,83.8,78.7,79.1,100.0,77.8,82.4,53.0,73.0
virt_A_0183,virtual_cluster,A+,96.1,91.3,70.9,100.0,79.9,90.9,48.4,83.7
virt_A_0184,virtual_cluster,A+,76.3,83.4,73.4,100.0,81.4,77.3,68.3,66.7
virt_A_0185,virtual_cluster,A+,70.7,74.6,69.3,100.0,77.0,74.6,48.8,71.5
virt_A_0186,virtual_cluster,A+,68.3,75.9,72.4,100.0,77.7,72.2,73.5,69.5
virt_A_0187,virtual_cluster,A+,79.9,83.1,80.4,100.0,83.0,80.5,66.6,71.3
virt_A_0188,virtual_cluster,A+,78.6,75.4,63.1,100.0,73.8,77.8,61.1,66.4
virt_A_0189,virtual_cluster,A+,85.4,78.3,75.1,97.9,73.1,84.2,68.8,68.4
virt_A_0190,virtual_cluster,A,70.1,69.1,76.8,100.0,74.2,72.0,75.4,72.6
virt_A_0191,virtual_cluster,A+,78.5,82.1,83.6,100.0,80.9,76.8,66.4,69.5
virt_A_0192,virtual_cluster,A+,92.2,84.4,71.6,100.0,80.3,89.4,49.1,88.3
virt_A_0193,virtual_cluster,A+,70.8,72.3,67.7,100.0,79.2,71.6,68.4,66.6
virt_A_0194,virtual_cluster,A+,81.1,80.4,77.9,100.0,76.7,79.8,48.8,74.5
virt_A_0195,virtual_cluster,A,66.4,73.6,74.2,100.0,75.1,68.9,67.4,58.1
virt_A_0196,virtual_cluster,A+,92.1,90.3,79.7,100.0,89.0,89.3,51.0,79.7
virt_A_0197,virtual_cluster,A+,84.5,83.8,71.7,97.4,84.6,82.2,61.7,80.1
virt_A_0198,virtual_cluster,A+,84.8,82.0,92.3,100.0,78.9,86.4,57.7,66.3
virt_A_0199,virtual_cluster,A+,71.2,79.3,60.3,100.0,82.1,74.3,64.5,70.2
virt_A_0200,virtual_cluster,A+,72.1,77.1,64.1,100.0,73.6,71.0,62.9,65.7
virt_A_0201,virtual_cluster,A+,88.2,91.7,92.5,100.0,82.6,87.8,47.8,73.4
virt_A_0202,virtual_cluster,A+,82.2,84.9,63.6,100.0,82.0,81.9,40.5,81.3
virt_A_0203,virtual_cluster,A+,90.9,84.6,75.7,100.0,85.2,88.1,48.0,79.4
virt_A_0204,virtual_cluster,A+,79.4,75.4,87.9,100.0,75.1,77.5,65.1,74.6
virt_A_0205,virtual_cluster,A,65.3,58.9,79.5,100.0,62.8,65.7,81.9,53.0
virt_A_0206,virtual_cluster,A+,73.6,80.1,79.2,100.0,78.1,71.4,74.6,63.7
virt_A_0207,virtual_cluster,A+,79.5,79.7,73.2,100.0,77.7,79.5,53.6,71.8
virt_A_0208,virtual_cluster,A+,85.5,89.3,65.4,100.0,86.5,82.0,46.3,79.9
virt_A_0209,virtual_cluster,A+,77.6,80.3,66.7,100.0,85.2,77.9,57.5,62.5
virt_A_0210,virtual_cluster,A,62.5,61.8,81.2,100.0,69.4,66.0,82.6,55.2
virt_A_0211,virtual_cluster,A+,75.3,78.2,72.6,100.0,83.5,75.7,51.9,61.8
virt_A_0212,virtual_cluster,A,67.0,72.2,65.7,100.0,72.6,72.2,70.0,64.1
virt_A_0213,virtual_cluster,A+,81.1,77.0,61.0,100.0,72.3,80.9,60.7,69.5
virt_A_0214,virtual_cluster,A+,73.1,80.2,76.6,100.0,77.5,74.1,63.0,61.7
virt_A_0215,virtual_cluster,A+,81.0,92.8,68.5,100.0,86.2,80.4,55.2,78.6
virt_A_0216,virtual_cluster,A+,79.4,79.3,67.3,100.0,81.0,78.9,66.0,71.8
virt_A_0217,virtual_cluster,A,72.3,76.6,77.2,100.0,75.2,71.6,76.3,57.0
virt_A_0218,virtual_cluster,A+,82.1,76.1,74.2,100.0,77.7,81.1,83.7,70.1
virt_A_0219,virtual_cluster,A+,86.4,86.5,91.3,100.0,83.3,82.7,43.3,79.1
virt_A_0220,virtual_cluster,A+,94.6,90.6,75.6,99.2,87.8,92.4,31.4,84.2
virt_A_0221,virtual_cluster,A+,82.1,76.4,74.1,100.0,74.2,81.5,59.2,78.7
virt_A_0222,virtual_cluster,A+,81.7,81.7,76.5,100.0,78.4,79.2,54.1,69.8
virt_A_0223,virtual_cluster,A+,79.9,75.7,72.2,100.0,75.9,79.7,68.6,78.5
virt_A_0224,virtual_cluster,A+,82.5,84.8,84.2,100.0,78.2,81.1,49.0,74.1
virt_A_0225,virtual_cluster,A+,88.3,87.0,66.0,100.0,79.3,85.9,56.5,76.7
virt_A_0226,virtual_cluster,A+,75.1,71.9,72.8,100.0,72.6,74.2,73.3,67.0
virt_A_0227,virtual_cluster,A+,78.1,69.9,78.7,100.0,73.6,77.3,69.8,72.9
virt_A_0228,virtual_cluster,A+,91.8,89.2,65.9,100.0,83.3,86.1,40.9,80.7
virt_A_0229,virtual_cluster,A+,77.7,78.0,84.3,100.0,79.9,78.0,71.3,66.2
virt_A_0230,virtual_cluster,A+,100.0,91.4,72.1,89.6,83.6,93.7,46.2,95.1
virt_A_0231,virtual_cluster,A+,76.5,77.2,58.1,100.0,74.0,79.6,61.5,75.2
virt_A_0232,virtual_cluster,A,59.6,66.4,81.4,100.0,75.5,62.8,77.8,57.6
virt_A_0233,virtual_cluster,A+,74.7,77.5,94.2,100.0,75.5,75.8,65.4,68.5
virt_A_0234,virtual_cluster,A,66.0,70.2,70.5,100.0,75.0,70.0,69.7,68.5
virt_A_0235,virtual_cluster,A+,86.0,88.6,67.6,100.0,84.5,81.8,51.3,79.0
virt_A_0236,virtual_cluster,A+,82.1,81.6,74.3,100.0,78.1,79.3,49.3,72.7
virt_A_0237,virtual_cluster,A+,84.3,77.9,72.0,100.0,81.6,83.9,59.9,75.8
virt_A_0238,virtual_cluster,A+,73.2,80.8,60.1,100.0,78.1,73.8,59.3,68.3
virt_A_0239,virtual_cluster,A,66.2,66.0,86.8,100.0,70.0,68.3,81.9,59.6
virt_A_0240,virtual_cluster,A+,74.3,75.1,83.4,100.0,77.3,74.1,60.2,67.8
virt_A_0241,virtual_cluster,A+,83.8,87.0,61.7,100.0,78.5,82.3,53.5,72.2
virt_A_0242,virtual_cluster,A+,90.9,83.1,67.5,100.0,77.8,88.0,44.2,74.8
virt_A_0243,virtual_cluster,A,71.4,71.5,75.0,100.0,76.2,74.3,77.4,62.1
virt_A_0244,virtual_cluster,A+,80.9,76.9,60.9,100.0,79.3,79.0,56.4,72.3
virt_A_0245,virtual_cluster,A+,83.4,84.1,89.2,100.0,83.4,82.2,53.1,73.9
virt_A_0246,virtual_cluster,A+,86.6,90.6,69.3,100.0,85.1,84.3,39.7,86.7
virt_A_0247,virtual_cluster,A+,100.0,92.8,82.0,92.2,86.5,97.0,52.1,88.2
virt_A_0248,virtual_cluster,A+,73.2,73.8,67.8,100.0,74.6,74.2,68.5,63.5
virt_A_0249,virtual_cluster,A,74.3,78.9,74.1,100.0,72.7,72.1,84.7,63.2
virt_A_0250,virtual_cluster,A+,85.7,88.1,85.6,100.0,82.0,83.1,65.0,77.4
virt_A_0251,virtual_cluster,A+,80.9,82.6,70.7,100.0,79.1,80.4,62.5,66.5
virt_A_0252,virtual_cluster,A,62.8,73.0,84.0,100.0,72.7,65.9,68.7,60.8
virt_A_0253,virtual_cluster,A+,73.8,76.1,68.4,100.0,72.6,77.2,50.0,61.3
virt_A_0254,virtual_cluster,A+,83.1,78.9,70.1,100.0,78.6,81.8,43.3,73.4
virt_A_0255,virtual_cluster,A,66.2,73.4,77.3,100.0,76.8,68.1,69.2,58.2
virt_A_0256,virtual_cluster,A,69.3,73.4,74.4,100.0,74.1,69.9,70.5,63.5
virt_A_0257,virtual_cluster,A+,73.3,73.3,75.6,100.0,77.2,74.0,67.4,60.1
virt_A_0258,virtual_cluster,A+,91.5,84.6,100.0,100.0,80.6,88.5,46.7,78.4
virt_A_0259,virtual_cluster,A+,87.9,89.9,70.3,100.0,87.8,86.5,48.8,96.0
virt_A_0260,virtual_cluster,A+,73.7,76.5,65.2,100.0,74.0,72.1,62.8,70.6
virt_A_0261,virtual_cluster,A+,79.5,80.8,62.1,100.0,76.6,80.2,56.6,78.6
virt_A_0262,virtual_cluster,A+,77.5,72.0,82.5,100.0,75.8,77.0,67.8,68.2
virt_A_0263,virtual_cluster,A+,82.9,82.9,82.4,100.0,80.9,80.8,64.3,70.6
virt_A_0264,virtual_cluster,A,69.6,70.3,81.7,100.0,74.5,67.2,84.9,64.5
virt_A_0265,virtual_cluster,A+,90.1,88.5,70.9,100.0,84.1,88.7,40.2,75.7
virt_A_0266,virtual_cluster,A+,83.0,82.7,72.7,100.0,80.2,80.3,68.1,75.7
virt_A_0267,virtual_cluster,A+,79.3,80.9,69.8,100.0,75.9,80.2,60.9,78.3
virt_A_0268,virtual_cluster,A+,81.6,78.8,67.7,100.0,82.9,81.9,52.4,72.8
virt_A_0269,virtual_cluster,A+,87.0,74.9,73.2,100.0,78.5,86.4,72.2,67.1
virt_A_0270,virtual_cluster,A,68.6,76.8,64.2,100.0,74.9,69.2,62.0,60.9
virt_A_0271,virtual_cluster,A+,73.5,73.5,89.2,100.0,76.2,73.9,57.2,64.4
virt_A_0272,virtual_cluster,A+,79.0,77.4,88.9,100.0,75.8,78.4,62.0,74.8
virt_A_0273,virtual_cluster,A,64.9,70.5,66.0,100.0,72.5,68.2,80.1,66.8
virt_A_0274,virtual_cluster,A,64.6,66.3,65.6,100.0,74.0,66.8,77.4,54.2
virt_A_0275,virtual_cluster,A+,87.6,85.3,66.3,100.0,83.9,82.7,45.7,72.5
virt_A_0276,virtual_cluster,A+,86.3,82.2,62.2,100.0,81.3,84.2,61.0,74.9
virt_A_0277,virtual_cluster,A+,69.9,74.9,94.7,100.0,79.2,73.5,67.5,60.9
virt_A_0278,virtual_cluster,A,69.8,75.9,73.1,100.0,77.2,73.1,80.8,60.9
virt_A_0279,virtual_cluster,A+,74.2,75.4,78.5,100.0,73.8,73.5,67.7,69.9
virt_A_0280,virtual_cluster,A+,70.9,75.7,87.4,100.0,81.8,72.4,65.3,69.0
virt_A_0281,virtual_cluster,A+,75.3,76.1,79.4,100.0,84.2,73.8,56.2,62.2
virt_A_0282,virtual_cluster,A+,82.8,81.4,78.7,100.0,82.3,81.7,61.8,74.9
virt_A_0283,virtual_cluster,A+,83.7,85.8,70.0,98.7,81.9,83.5,46.9,76.3
virt_A_0284,virtual_cluster,A+,84.3,80.4,84.8,100.0,80.9,82.0,44.3,65.3
virt_A_0285,virtual_cluster,A+,80.0,84.4,83.4,100.0,89.2,79.3,67.7,62.0
virt_A_0286,virtual_cluster,A+,81.7,81.0,61.4,100.0,79.7,79.3,64.3,70.4
virt_A_0287,virtual_cluster,A,70.1,68.4,59.0,100.0,69.0,74.4,70.5,61.8
virt_A_0288,virtual_cluster,A+,73.0,75.9,89.6,100.0,72.5,70.8,51.6,67.6
virt_A_0289,virtual_cluster,A+,93.4,87.0,78.2,100.0,86.7,89.9,55.3,82.0
virt_A_0290,virtual_cluster,A,72.3,67.5,69.0,100.0,72.7,70.3,80.7,61.1
virt_A_0291,virtual_cluster,A+,81.3,85.4,58.7,100.0,82.3,79.8,50.2,81.5
virt_A_0292,virtual_cluster,A+,80.2,81.3,69.0,100.0,80.1,80.0,59.7,72.1
virt_A_0293,virtual_cluster,A+,75.2,76.6,76.4,100.0,76.9,76.2,61.7,73.1
virt_A_0294,virtual_cluster,A+,79.5,78.1,68.5,100.0,84.2,79.5,73.2,68.9
virt_A_0295,virtual_cluster,A+,71.2,78.1,87.2,100.0,82.1,73.6,60.7,59.6
virt_A_0296,virtual_cluster,A,66.4,74.7,83.6,100.0,74.2,68.0,75.6,71.1
virt_A_0297,virtual_cluster,A+,80.2,82.8,63.3,100.0,85.0,80.8,75.5,69.9
virt_A_0298,virtual_cluster,A+,76.4,81.3,73.0,100.0,82.7,75.5,63.1,70.3
virt_A_0299,virtual_cluster,A+,80.0,76.0,68.5,100.0,79.1,77.7,68.5,74.0
virt_A_0300,virtual_cluster,A+,77.9,72.6,72.5,100.0,75.0,78.7,46.1,69.6
virt_A_0301,virtual_cluster,A+,79.3,77.3,80.4,100.0,78.0,79.2,52.0,71.1
virt_A_0302,virtual_cluster,A+,74.2,76.2,60.9,100.0,79.3,75.2,69.1,69.8
virt_A_0303,virtual_cluster,A+,77.0,73.9,65.0,100.0,70.7,78.5,70.9,70.7
virt_A_0304,virtual_cluster,A+,81.8,80.6,72.6,100.0,77.2,78.4,69.2,67.6
virt_A_0305,virtual_cluster,A+,76.0,74.1,59.4,100.0,83.6,74.3,68.0,64.5
virt_A_0306,virtual_cluster,A+,74.8,77.5,83.7,100.0,76.3,73.7,77.3,79.8
virt_A_0307,virtual_cluster,A+,76.3,72.8,63.1,98.1,74.8,78.7,69.3,73.1
virt_A_0308,virtual_cluster,A+,83.8,82.0,80.5,100.0,83.6,85.4,52.0,78.3
virt_A_0309,virtual_cluster,A,63.6,70.3,54.6,100.0,71.5,65.3,68.8,59.4
virt_A_0310,virtual_cluster,A+,80.5,79.2,74.1,100.0,76.8,78.2,54.2,64.4
virt_A_0311,virtual_cluster,A,68.1,72.1,70.9,100.0,76.7,69.2,69.3,60.5
virt_A_0312,virtual_cluster,A+,74.3,77.6,73.8,100.0,79.1,76.0,64.7,67.5
virt_A_0313,virtual_cluster,A+,81.7,85.1,70.5,100.0,79.0,79.6,50.6,66.9
virt_A_0314,virtual_cluster,A+,75.6,73.3,79.2,100.0,75.7,75.7,69.7,68.3
virt_A_0315,virtual_cluster,A+,83.1,81.2,72.7,100.0,86.8,79.8,65.3,65.8
virt_A_0316,virtual_cluster,A+,71.4,69.7,62.6,100.0,71.5,74.3,64.3,74.1
virt_A_0317,virtual_cluster,A,70.0,72.3,76.9,100.0,72.9,70.1,72.8,69.8
virt_A_0318,virtual_cluster,A,69.3,73.7,63.4,100.0,73.2,68.8,70.3,71.1
virt_A_0319,virtual_cluster,A+,78.5,81.1,79.3,100.0,82.8,79.6,73.0,69.7
virt_A_0320,virtual_cluster,A+,85.6,81.7,71.6,100.0,84.6,86.1,52.7,67.1
virt_A_0321,virtual_cluster,A+,89.8,83.7,45.4,99.3,81.5,85.3,45.2,83.1
virt_A_0322,virtual_cluster,A+,79.5,72.6,70.5,100.0,77.1,78.3,68.2,62.6
virt_A_0323,virtual_cluster,A+,80.3,75.6,66.1,100.0,76.4,80.2,70.0,65.0
virt_A_0324,virtual_cluster,A+,89.1,90.6,78.1,100.0,85.1,86.6,38.5,83.5
virt_A_0325,virtual_cluster,A+,80.9,78.9,74.8,100.0,81.5,80.6,54.3,71.6
virt_A_0326,virtual_cluster,A+,76.1,81.3,64.8,100.0,84.2,76.8,67.0,73.8
virt_A_0327,virtual_cluster,A+,90.0,87.7,59.3,100.0,84.9,88.8,35.7,87.3
virt_A_0328,virtual_cluster,A,69.3,73.0,87.1,100.0,74.9,71.0,79.1,69.1
virt_A_0329,virtual_cluster,A+,88.1,81.7,73.2,100.0,84.0,85.1,65.9,79.9
virt_A_0330,virtual_cluster,A,69.1,66.7,77.3,100.0,73.6,70.6,81.8,68.9
virt_A_0331,virtual_cluster,A+,75.8,73.0,87.1,100.0,76.0,75.9,60.3,67.5
virt_A_0332,virtual_cluster,A+,77.6,78.4,61.2,100.0,78.8,77.6,61.2,69.3
virt_A_0333,virtual_cluster,A+,91.3,88.1,68.2,100.0,84.2,87.3,42.4,75.4
virt_A_0334,virtual_cluster,A+,74.8,76.3,73.9,100.0,70.3,72.1,63.5,70.0
virt_A_0335,virtual_cluster,A+,68.4,78.0,77.1,100.0,82.4,70.4,72.2,66.2
virt_A_0336,virtual_cluster,A+,72.5,75.6,72.8,100.0,76.0,75.6,61.0,62.9
virt_A_0337,virtual_cluster,A+,75.2,79.2,65.3,100.0,76.7,78.7,80.7,63.6
virt_A_0338,virtual_cluster,A+,81.7,81.4,70.9,100.0,80.2,82.8,56.8,78.5
virt_A_0339,virtual_cluster,A+,82.0,87.3,78.0,100.0,81.5,85.2,50.7,75.4
virt_A_0340,virtual_cluster,A+,81.4,90.2,65.8,100.0,84.3,82.6,78.4,75.9
virt_A_0341,virtual_cluster,A+,85.7,88.4,72.6,100.0,85.7,82.9,44.6,72.5
virt_A_0342,virtual_cluster,A+,75.8,86.7,63.2,100.0,80.4,76.7,43.6,74.8
virt_A_0343,virtual_cluster,A+,81.1,80.5,59.6,100.0,78.9,83.9,57.1,74.2
virt_A_0344,virtual_cluster,A+,67.1,73.6,72.7,100.0,77.5,69.5,54.7,65.6
virt_A_0345,virtual_cluster,A+,82.4,78.8,68.3,100.0,81.9,83.1,48.1,75.2
virt_A_0346,virtual_cluster,A+,88.9,85.7,73.3,100.0,87.5,90.1,47.3,81.8
virt_A_0347,virtual_cluster,A,73.2,73.9,74.0,100.0,70.0,73.7,80.1,74.2
virt_A_0348,virtual_cluster,A+,82.0,82.6,62.7,100.0,75.3,81.1,58.0,70.7
virt_A_0349,virtual_cluster,A+,75.7,64.5,78.2,100.0,69.9,74.8,70.7,72.4
virt_A_0350,virtual_cluster,A+,76.9,83.2,58.6,100.0,81.9,75.7,66.7,67.0
virt_A_0351,virtual_cluster,A+,72.1,73.8,60.8,100.0,69.6,73.4,56.8,76.5
virt_A_0352,virtual_cluster,A+,80.2,76.6,59.0,97.4,78.5,80.0,65.1,83.1
virt_A_0353,virtual_cluster,A+,78.5,78.5,73.2,100.0,79.2,77.9,68.8,74.5
virt_A_0354,virtual_cluster,A+,73.8,73.5,64.8,100.0,79.0,73.1,56.5,67.1
virt_A_0355,virtual_cluster,A+,92.8,87.9,87.8,99.0,82.1,90.5,46.7,81.4
virt_A_0356,virtual_cluster,A,61.9,72.6,91.8,100.0,77.4,62.9,84.0,58.1
virt_A_0357,virtual_cluster,A+,81.0,80.1,70.8,100.0,82.3,80.5,57.5,67.6
virt_A_0358,virtual_cluster,A+,76.0,74.2,77.6,100.0,79.3,75.7,65.9,66.1
virt_A_0359,virtual_cluster,A+,82.0,77.9,74.0,100.0,74.6,80.5,38.4,64.7
virt_A_0360,virtual_cluster,A+,79.2,82.7,88.6,100.0,78.6,80.0,64.8,67.3
virt_A_0361,virtual_cluster,A+,85.1,84.4,74.9,100.0,80.0,82.7,49.2,72.5
virt_A_0362,virtual_cluster,A+,73.9,80.0,72.7,100.0,77.6,75.2,53.1,71.9
virt_A_0363,virtual_cluster,A,62.0,65.7,65.7,100.0,74.8,65.2,72.8,58.3
virt_A_0364,virtual_cluster,A+,74.8,78.4,62.4,100.0,75.3,74.3,54.6,67.0
virt_A_0365,virtual_cluster,A+,76.7,76.2,50.9,100.0,76.5,76.9,63.9,71.5
virt_A_0366,virtual_cluster,A,58.4,60.9,67.2,100.0,69.9,64.6,76.9,52.7
virt_A_0367,virtual_cluster,A+,77.5,81.3,80.6,97.7,74.5,75.7,68.1,69.8
virt_A_0368,virtual_cluster,A+,90.5,91.9,86.5,100.0,88.4,87.6,48.9,84.9
virt_A_0369,virtual_cluster,A+,77.2,81.6,70.4,100.0,68.5,76.4,64.7,71.8
virt_A_0370,virtual_cluster,A+,79.1,78.1,63.7,100.0,74.9,77.7,73.3,72.7
virt_A_0371,virtual_cluster,A+,82.6,87.1,67.1,100.0,81.4,82.3,63.0,70.9
virt_A_0372,virtual_cluster,A+,85.5,78.2,66.4,100.0,82.6,83.1,53.3,80.5
virt_A_0373,virtual_cluster,A,65.8,72.9,79.7,100.0,70.9,69.6,75.7,67.1
virt_A_0374,virtual_cluster,A+,90.0,89.3,81.3,94.8,88.1,87.6,51.0,76.8
virt_A_0375,virtual_cluster,A+,89.1,87.5,64.8,100.0,80.9,90.1,62.3,75.3
virt_A_0376,virtual_cluster,A+,72.2,79.5,53.6,100.0,81.8,75.7,69.0,70.7
virt_A_0377,virtual_cluster,A+,82.4,81.9,72.3,99.0,77.6,82.7,50.1,69.8
virt_A_0378,virtual_cluster,A+,76.8,73.5,79.8,100.0,75.7,77.2,69.0,58.9
virt_A_0379,virtual_cluster,A+,89.7,91.3,60.7,100.0,80.9,86.2,61.1,77.0
virt_A_0380,virtual_cluster,A+,76.4,73.8,70.0,100.0,74.8,77.1,72.3,62.3
virt_A_0381,virtual_cluster,A+,82.7,78.1,64.7,100.0,78.8,84.8,49.3,77.7
virt_A_0382,virtual_cluster,A+,76.8,77.6,72.1,100.0,76.6,76.6,68.8,73.2
virt_A_0383,virtual_cluster,A,60.8,70.9,80.3,100.0,80.9,65.0,68.5,45.8
virt_A_0384,virtual_cluster,A+,92.4,81.2,66.9,100.0,81.4,90.7,62.4,81.6
virt_A_0385,virtual_cluster,A+,86.6,84.4,59.2,100.0,81.0,82.0,67.1,79.5
virt_A_0386,virtual_cluster,A+,78.9,78.8,74.0,100.0,78.9,77.6,69.3,71.3
virt_A_0387,virtual_cluster,A+,87.3,86.8,70.3,100.0,89.2,85.3,54.6,82.4
virt_A_0388,virtual_cluster,A,68.7,66.9,73.7,100.0,65.6,70.3,74.8,52.3
virt_A_0389,virtual_cluster,A+,80.5,74.9,72.9,100.0,74.5,81.1,65.4,63.8
virt_A_0390,virtual_cluster,A+,77.6,84.4,68.0,100.0,83.3,79.1,56.4,73.7
virt_A_0391,virtual_cluster,A,73.2,72.9,67.7,100.0,67.9,71.6,72.1,61.4
virt_A_0392,virtual_cluster,A+,64.8,80.5,85.5,100.0,81.2,68.1,59.8,62.5
virt_A_0393,virtual_cluster,A+,77.6,81.7,51.6,100.0,83.0,78.5,52.5,63.6
virt_A_0394,virtual_cluster,A+,74.3,70.0,83.1,100.0,74.3,74.5,75.2,69.5
virt_A_0395,virtual_cluster,A+,82.8,74.0,68.8,100.0,73.6,81.8,62.9,77.6
virt_A_0396,virtual_cluster,A+,80.7,78.0,61.9,100.0,74.1,81.1,55.9,69.7
virt_A_0397,virtual_cluster,A+,90.0,81.8,77.5,100.0,82.9,86.7,50.7,79.2
virt_A_0398,virtual_cluster,A+,65.3,77.9,88.9,100.0,85.6,68.0,56.9,61.5
virt_A_0399,virtual_cluster,A,61.8,58.0,73.2,100.0,66.2,64.7,88.4,55.6
virt_A_0400,virtual_cluster,A+,79.7,80.0,64.3,100.0,77.1,80.8,52.2,74.3
virt_B_0401,virtual_cluster,A+,71.9,79.8,78.8,100.0,71.5,70.8,58.9,59.2
virt_B_0402,virtual_cluster,A,71.6,60.7,74.7,100.0,60.0,68.5,65.8,57.5
virt_B_0403,virtual_cluster,A+,74.8,76.4,75.3,100.0,69.7,75.9,64.2,76.1
virt_B_0404,virtual_cluster,A,64.9,58.0,80.3,97.9,69.1,64.9,79.7,54.9
virt_B_0405,virtual_cluster,A,62.6,57.7,59.4,100.0,57.1,61.0,86.6,59.4
virt_B_0406,virtual_cluster,A+,78.1,75.5,70.7,98.5,72.3,77.7,64.8,68.9
virt_B_0407,virtual_cluster,A,61.8,64.8,59.0,100.0,66.3,63.2,82.6,55.1
virt_B_0408,virtual_cluster,A+,87.0,78.0,78.2,100.0,66.1,86.0,45.4,70.6
virt_B_0409,virtual_cluster,A+,84.5,82.2,57.6,100.0,79.1,80.2,55.6,77.7
virt_B_0410,virtual_cluster,A,71.2,67.4,54.2,100.0,64.8,71.2,67.7,70.9
virt_B_0411,virtual_cluster,A,58.6,67.6,36.7,100.0,62.4,59.7,76.3,54.0
virt_B_0412,virtual_cluster,A,58.2,62.8,57.8,100.0,67.3,63.9,92.6,52.3
virt_B_0413,virtual_cluster,A,67.7,69.4,53.7,100.0,67.5,69.7,56.5,73.8
virt_B_0414,virtual_cluster,A,69.0,71.2,65.7,100.0,72.7,68.7,64.9,64.1
virt_B_0415,virtual_cluster,A+,89.9,91.9,63.2,100.0,81.0,86.9,66.4,80.5
virt_B_0416,virtual_cluster,A+,80.9,68.8,50.2,100.0,71.0,77.5,65.8,72.3
virt_B_0417,virtual_cluster,A,59.5,66.5,67.4,100.0,65.2,63.9,73.6,48.0
virt_B_0418,virtual_cluster,A,65.3,58.7,56.1,97.5,65.9,65.4,75.7,52.9
virt_B_0419,virtual_cluster,A,65.5,73.8,52.8,100.0,77.7,66.0,59.4,66.3
virt_B_0420,virtual_cluster,A,70.7,65.6,73.3,100.0,59.1,69.6,68.5,47.1
virt_B_0421,virtual_cluster,A,66.5,69.5,65.3,100.0,68.1,71.1,72.0,49.3
virt_B_0422,virtual_cluster,A+,82.7,79.4,36.8,100.0,74.2,78.4,65.7,66.8
virt_B_0423,virtual_cluster,A+,70.3,72.2,74.4,100.0,65.9,68.6,44.0,78.5
virt_B_0424,virtual_cluster,A,62.0,64.3,61.4,100.0,60.5,65.7,64.3,57.7
virt_B_0425,virtual_cluster,A,65.8,63.5,75.7,89.3,66.8,63.0,72.7,52.6
virt_B_0426,virtual_cluster,A,76.2,69.6,56.8,100.0,69.0,79.2,82.3,61.4
virt_B_0427,virtual_cluster,A,72.6,65.7,65.2,100.0,68.2,72.8,88.6,55.8
virt_B_0428,virtual_cluster,A,71.9,60.4,63.3,100.0,68.5,72.1,63.1,59.2
virt_B_0429,virtual_cluster,A,67.4,72.3,71.0,100.0,72.3,65.9,91.2,60.9
virt_B_0430,virtual_cluster,A+,81.3,82.1,89.5,100.0,76.8,76.1,53.8,68.6
virt_B_0431,virtual_cluster,A,68.7,69.2,61.3,100.0,69.3,69.4,77.8,66.3
virt_B_0432,virtual_cluster,A,65.1,59.3,66.5,95.8,58.6,64.8,70.6,59.0
virt_B_0433,virtual_cluster,A,62.8,65.5,54.8,100.0,61.2,59.8,65.6,63.7
virt_B_0434,virtual_cluster,A,59.3,63.7,76.5,100.0,60.2,64.0,66.4,50.2
virt_B_0435,virtual_cluster,A+,74.8,76.8,60.3,100.0,68.6,72.5,61.3,72.2
virt_B_0436,virtual_cluster,A,70.7,59.7,65.0,100.0,70.0,71.6,59.3,66.6
virt_B_0437,virtual_cluster,A+,77.1,71.6,65.0,100.0,70.2,72.5,56.0,71.1
virt_B_0438,virtual_cluster,A,52.4,51.8,62.1,100.0,54.7,58.4,81.7,42.7
virt_B_0439,virtual_cluster,A,61.4,60.0,77.7,100.0,61.3,63.0,62.0,51.9
virt_B_0440,virtual_cluster,A,66.1,63.6,50.9,100.0,62.8,68.4,95.9,62.7
virt_B_0441,virtual_cluster,A,67.7,66.5,58.0,100.0,63.9,66.4,65.2,66.5
virt_B_0442,virtual_cluster,A,52.2,53.4,71.4,100.0,63.0,56.2,85.9,54.5
virt_B_0443,virtual_cluster,A+,69.2,70.8,78.0,100.0,74.1,68.9,68.0,70.8
virt_B_0444,virtual_cluster,A,70.8,66.3,49.4,98.6,65.5,70.1,83.6,70.8
virt_B_0445,virtual_cluster,A,58.0,56.1,64.7,92.5,67.4,59.3,83.6,52.8
virt_B_0446,virtual_cluster,A,66.4,62.0,64.3,100.0,63.7,67.2,72.0,53.2
virt_B_0447,virtual_cluster,A,62.4,65.9,76.9,100.0,61.1,69.0,84.7,55.0
virt_B_0448,virtual_cluster,C,47.6,51.4,55.3,100.0,60.8,49.8,83.9,44.6
virt_B_0449,virtual_cluster,A,67.4,61.4,69.7,100.0,57.7,65.2,76.4,53.5
virt_B_0450,virtual_cluster,A,69.0,70.6,55.4,92.8,75.6,69.1,60.7,65.9
virt_B_0451,virtual_cluster,A+,85.2,76.4,56.7,100.0,72.9,86.4,65.6,69.3
virt_B_0452,virtual_cluster,A,68.1,63.5,41.8,100.0,64.3,64.0,67.1,59.8
virt_B_0453,virtual_cluster,A+,77.2,81.2,57.5,97.0,78.0,75.6,49.7,67.9
virt_B_0454,virtual_cluster,A,61.8,67.1,53.3,100.0,63.9,61.1,73.1,59.9
virt_B_0455,virtual_cluster,A,64.3,67.6,54.9,100.0,62.7,63.0,72.6,57.2
virt_B_0456,virtual_cluster,A,53.3,64.0,85.2,100.0,68.4,54.3,86.9,43.1
virt_B_0457,virtual_cluster,A,67.1,60.4,76.2,100.0,70.6,66.1,92.2,53.7
virt_B_0458,virtual_cluster,A+,80.1,77.6,84.6,82.9,75.0,75.1,73.2,77.4
virt_B_0459,virtual_cluster,A,46.7,53.5,62.0,100.0,55.8,51.1,76.3,38.3
virt_B_0460,virtual_cluster,A,70.2,68.4,61.7,100.0,69.9,70.9,68.3,62.8
virt_B_0461,virtual_cluster,A,68.3,69.9,53.6,100.0,65.5,67.0,85.7,63.8
virt_B_0462,virtual_cluster,A+,75.2,76.4,65.1,100.0,74.4,70.0,61.6,58.7
virt_B_0463,virtual_cluster,A+,70.8,72.6,48.8,100.0,71.7,69.4,43.5,61.9
virt_B_0464,virtual_cluster,A+,90.9,86.6,62.4,100.0,77.7,84.9,44.1,79.8
virt_B_0465,virtual_cluster,A,73.7,74.8,71.8,100.0,75.5,74.2,86.0,68.4
virt_B_0466,virtual_cluster,A+,73.8,71.7,76.5,100.0,68.9,76.0,61.4,70.7
virt_B_0467,virtual_cluster,A+,69.7,77.5,56.8,100.0,73.4,69.6,58.4,69.0
virt_B_0468,virtual_cluster,A+,81.9,74.0,58.8,100.0,74.3,81.5,77.2,69.3
virt_B_0469,virtual_cluster,A,56.5,65.7,55.0,100.0,68.2,59.2,70.2,56.6
virt_B_0470,virtual_cluster,A,79.8,73.0,51.6,95.9,71.7,73.2,64.5,63.0
virt_B_0471,virtual_cluster,A,62.7,72.8,73.7,100.0,71.6,60.2,74.8,60.7
virt_B_0472,virtual_cluster,A,61.4,59.6,47.3,100.0,63.5,65.0,73.6,45.3
virt_B_0473,virtual_cluster,A,51.1,55.6,76.7,100.0,56.8,55.5,86.5,62.8
virt_B_0474,virtual_cluster,A,61.9,59.6,68.4,100.0,68.0,64.5,83.9,61.4
virt_B_0475,virtual_cluster,A+,82.4,73.5,76.3,100.0,81.0,75.2,70.9,73.9
virt_B_0476,virtual_cluster,A+,86.0,77.6,60.4,100.0,77.8,84.4,36.1,82.5
virt_B_0477,virtual_cluster,C,38.2,48.6,77.7,100.0,59.7,43.0,100.0,45.0
virt_B_0478,virtual_cluster,A,66.2,78.3,63.8,100.0,74.1,63.8,62.0,61.1
virt_B_0479,virtual_cluster,A,59.9,60.5,71.4,100.0,63.5,64.8,93.8,55.1
virt_B_0480,virtual_cluster,A,66.2,72.1,68.8,100.0,69.8,66.1,60.9,60.4
virt_B_0481,virtual_cluster,A,70.0,67.6,64.7,100.0,72.2,70.7,65.1,57.6
virt_B_0482,virtual_cluster,A,67.8,68.4,63.0,100.0,58.9,67.5,72.6,49.5
virt_B_0483,virtual_cluster,A,73.9,72.4,48.5,100.0,77.5,72.7,77.0,62.1
virt_B_0484,virtual_cluster,A+,83.2,82.6,67.0,100.0,74.7,83.7,61.8,78.8
virt_B_0485,virtual_cluster,A,51.6,58.1,71.0,100.0,69.5,55.9,83.0,49.4
virt_B_0486,virtual_cluster,A,60.8,61.0,79.3,100.0,63.9,61.1,74.4,50.7
virt_B_0487,virtual_cluster,A+,73.6,72.6,70.4,100.0,72.5,70.6,58.8,65.7
virt_B_0488,virtual_cluster,A,70.4,60.6,70.7,100.0,68.4,72.0,82.1,64.0
virt_B_0489,virtual_cluster,A,61.1,61.9,69.6,100.0,62.5,61.7,80.1,46.5
virt_B_0490,virtual_cluster,A,69.0,62.2,54.1,100.0,62.3,68.4,81.6,58.1
virt_B_0491,virtual_cluster,A,64.4,67.2,59.4,89.5,77.1,63.0,88.9,51.5
virt_B_0492,virtual_cluster,A+,69.4,70.2,69.5,99.3,61.5,69.7,39.6,70.0
virt_B_0493,virtual_cluster,A+,89.2,82.3,42.4,100.0,74.2,81.4,55.3,80.5
virt_B_0494,virtual_cluster,A+,74.4,81.5,59.3,100.0,71.7,75.1,54.9,74.3
virt_B_0495,virtual_cluster,A,48.0,47.6,72.6,100.0,53.2,52.9,93.7,51.1
virt_B_0496,virtual_cluster,A,63.6,68.6,69.6,100.0,68.6,64.8,76.9,57.7
virt_B_0497,virtual_cluster,A,66.6,59.5,69.4,100.0,60.4,68.0,59.8,50.3
virt_B_0498,virtual_cluster,A+,72.4,72.4,79.1,99.9,70.2,71.4,72.7,72.2
virt_B_0499,virtual_cluster,A,59.9,59.7,92.3,100.0,62.8,58.3,71.7,43.2
virt_B_0500,virtual_cluster,A,71.8,66.1,72.6,100.0,71.5,69.8,54.7,55.3
virt_B_0501,virtual_cluster,A+,75.1,68.6,73.0,89.2,72.4,74.5,63.9,65.2
virt_B_0502,virtual_cluster,A,73.0,70.7,57.2,95.1,65.6,71.1,65.8,70.7
virt_B_0503,virtual_cluster,A,70.9,63.6,52.0,100.0,68.9,73.0,75.4,61.8
virt_B_0504,virtual_cluster,A+,87.3,80.9,60.7,100.0,73.3,84.0,61.0,72.0
virt_B_0505,virtual_cluster,A,72.6,73.1,36.5,100.0,73.0,73.6,55.0,63.9
virt_B_0506,virtual_cluster,A,50.1,66.9,79.7,100.0,69.7,54.5,83.4,50.5
virt_B_0507,virtual_cluster,A,55.5,61.1,69.0,100.0,71.8,60.7,86.2,42.1
virt_B_0508,virtual_cluster,A,68.0,65.9,51.6,100.0,60.4,67.9,67.2,62.2
virt_B_0509,virtual_cluster,A,49.8,62.5,77.9,100.0,64.6,52.7,87.1,43.8
virt_B_0510,virtual_cluster,A,53.4,51.9,80.6,100.0,64.5,58.1,76.1,53.8
virt_B_0511,virtual_cluster,A,69.0,68.1,46.0,100.0,67.0,65.6,74.4,67.7
virt_B_0512,virtual_cluster,A+,73.9,81.6,80.7,100.0,80.1,74.1,65.5,61.3
virt_B_0513,virtual_cluster,A+,71.7,78.9,53.1,99.7,76.7,71.4,54.4,59.4
virt_B_0514,virtual_cluster,A+,70.0,67.8,79.6,100.0,72.0,66.6,62.3,68.1
virt_B_0515,virtual_cluster,A,72.6,68.8,67.4,97.3,62.0,71.2,69.9,66.1
virt_B_0516,virtual_cluster,A+,79.4,70.3,64.8,92.4,62.3,77.4,49.3,64.5
virt_B_0517,virtual_cluster,A+,80.6,82.8,51.0,100.0,79.7,77.5,58.2,74.4
virt_B_0518,virtual_cluster,A,62.1,68.3,72.7,100.0,71.7,64.8,60.8,52.0
virt_B_0519,virtual_cluster,A,71.1,63.4,64.2,100.0,58.4,73.9,61.0,53.4
virt_B_0520,virtual_cluster,A,51.4,50.4,65.0,100.0,60.5,55.2,76.5,57.4
virt_B_0521,virtual_cluster,A,71.8,65.7,67.4,100.0,65.8,68.6,81.7,62.9
virt_B_0522,virtual_cluster,A+,87.2,84.5,45.7,100.0,76.4,83.0,57.7,83.1
virt_B_0523,virtual_cluster,A,60.3,68.7,77.3,100.0,69.6,62.1,85.8,55.7
virt_B_0524,virtual_cluster,A+,82.3,69.9,58.3,100.0,78.3,80.5,51.8,70.9
virt_B_0525,virtual_cluster,A,58.9,66.4,68.0,100.0,67.8,59.3,69.4,50.1
virt_B_0526,virtual_cluster,A,70.4,64.1,67.3,100.0,64.2,69.7,82.1,64.3
virt_B_0527,virtual_cluster,A,61.7,61.9,72.2,100.0,64.9,66.9,72.2,48.8
virt_B_0528,virtual_cluster,C,47.6,43.6,74.3,100.0,55.5,54.8,100.0,42.4
virt_B_0529,virtual_cluster,A+,76.3,70.9,79.2,98.0,69.8,75.5,81.0,75.7
virt_B_0530,virtual_cluster,A+,72.5,72.3,70.3,100.0,73.9,70.8,53.6,69.4
virt_B_0531,virtual_cluster,A,60.0,68.2,91.3,100.0,66.3,62.2,69.3,63.9
virt_B_0532,virtual_cluster,A,62.8,57.2,60.0,95.9,62.6,64.7,89.8,39.3
virt_B_0533,virtual_cluster,A,45.0,54.8,54.4,100.0,62.7,50.7,79.4,54.1
virt_B_0534,virtual_cluster,A+,81.6,69.0,48.5,84.5,66.9,75.7,51.4,66.6
virt_B_0535,virtual_cluster,A+,80.7,74.4,58.8,100.0,71.0,75.8,58.3,70.7
virt_B_0536,virtual_cluster,A,57.0,56.7,65.6,100.0,61.7,59.6,83.7,51.0
virt_B_0537,virtual_cluster,A,67.3,67.0,54.2,96.8,72.7,65.7,77.4,64.8
virt_B_0538,virtual_cluster,A,60.3,61.7,56.8,100.0,67.4,60.6,100.0,54.5
virt_B_0539,virtual_cluster,A+,83.4,86.8,72.4,100.0,76.6,81.7,44.5,64.6
virt_B_0540,virtual_cluster,C,43.9,46.2,61.7,100.0,56.1,43.3,96.8,45.6
virt_B_0541,virtual_cluster,A,70.2,65.8,70.6,100.0,64.1,70.1,73.6,69.9
virt_B_0542,virtual_cluster,A+,71.0,80.7,69.3,100.0,74.4,70.2,64.4,79.7
virt_B_0543,virtual_cluster,A,47.9,60.5,63.8,100.0,68.3,52.9,88.7,43.2
virt_B_0544,virtual_cluster,A+,79.8,78.7,66.4,100.0,79.7,78.8,55.9,71.1
virt_B_0545,virtual_cluster,A,48.2,59.5,66.4,100.0,60.1,52.9,90.0,47.1
virt_B_0546,virtual_cluster,A,64.2,65.0,74.2,100.0,66.4,67.2,49.8,51.1
virt_B_0547,virtual_cluster,A,70.6,68.9,67.6,100.0,62.1,66.6,58.5,60.4
virt_B_0548,virtual_cluster,A,60.9,67.6,78.9,92.4,71.6,63.0,68.6,56.7
virt_B_0549,virtual_cluster,A,55.7,59.4,75.4,100.0,62.6,57.3,86.9,60.6
virt_B_0550,virtual_cluster,A,63.4,71.7,72.6,100.0,72.2,62.9,65.6,67.0
virt_B_0551,virtual_cluster,A,60.5,56.2,80.2,100.0,62.2,59.7,82.4,50.3
virt_B_0552,virtual_cluster,A,67.0,69.8,62.3,100.0,67.7,67.9,64.5,65.9
virt_B_0553,virtual_cluster,A+,77.1,75.0,50.6,100.0,74.3,76.6,45.8,78.5
virt_B_0554,virtual_cluster,A,74.7,68.3,43.6,100.0,64.4,74.1,73.4,64.7
virt_B_0555,virtual_cluster,A,65.8,66.6,68.3,100.0,58.2,69.1,74.3,65.7
virt_B_0556,virtual_cluster,A+,69.3,74.1,66.7,100.0,75.7,69.5,60.6,61.9
virt_B_0557,virtual_cluster,A,72.0,72.5,69.4,100.0,73.8,74.7,71.1,60.2
virt_B_0558,virtual_cluster,A,50.9,61.2,66.9,100.0,66.6,51.5,89.9,48.9
virt_B_0559,virtual_cluster,A,70.7,71.3,61.4,100.0,69.6,70.9,72.8,59.9
virt_B_0560,virtual_cluster,A,62.5,69.3,60.5,100.0,67.8,69.6,63.9,75.5
virt_B_0561,virtual_cluster,A,71.5,74.1,51.9,100.0,75.7,70.1,64.3,60.6
virt_B_0562,virtual_cluster,A,67.7,69.9,82.6,100.0,68.6,64.9,67.2,61.5
virt_B_0563,virtual_cluster,A,70.2,62.8,48.8,100.0,66.9,71.9,73.9,60.9
virt_B_0564,virtual_cluster,A,66.5,64.4,78.1,100.0,66.7,63.8,71.5,53.4
virt_B_0565,virtual_cluster,A,52.9,60.6,52.5,100.0,60.6,55.9,83.9,51.1
virt_B_0566,virtual_cluster,A,60.5,60.2,71.5,100.0,61.8,61.6,84.3,50.1
virt_B_0567,virtual_cluster,A,64.6,56.3,60.2,100.0,56.4,64.4,76.4,47.0
virt_B_0568,virtual_cluster,A,70.8,77.0,52.7,100.0,76.8,71.2,71.3,66.6
virt_B_0569,virtual_cluster,A,59.0,61.8,55.6,100.0,62.6,58.8,72.5,55.2
virt_B_0570,virtual_cluster,A,71.1,64.2,70.0,100.0,57.6,67.5,76.2,56.8
virt_B_0571,virtual_cluster,A,73.5,64.8,54.7,100.0,63.2,75.1,79.2,61.5
virt_B_0572,virtual_cluster,A,55.0,55.5,75.2,100.0,57.3,59.2,93.4,54.7
virt_B_0573,virtual_cluster,A,54.9,63.5,74.2,100.0,72.5,58.9,96.4,60.9
virt_B_0574,virtual_cluster,A,67.1,61.4,59.0,100.0,66.2,69.9,76.6,50.1
virt_B_0575,virtual_cluster,A+,92.1,78.9,79.5,94.5,73.4,88.3,38.4,77.2
virt_B_0576,virtual_cluster,A+,77.6,81.9,37.2,100.0,76.0,77.8,56.7,67.6
virt_B_0577,virtual_cluster,A,72.7,67.8,48.4,100.0,63.5,70.4,68.0,58.3
virt_B_0578,virtual_cluster,A,54.0,57.8,77.1,100.0,55.1,55.5,80.8,49.5
virt_B_0579,virtual_cluster,A+,86.5,78.5,40.6,85.8,76.9,80.5,66.4,77.5
virt_B_0580,virtual_cluster,A,53.6,67.5,56.4,100.0,70.6,54.0,70.5,50.0
virt_B_0581,virtual_cluster,A,63.7,57.5,57.9,100.0,57.4,63.4,79.9,38.4
virt_B_0582,virtual_cluster,A+,83.1,82.1,53.0,100.0,72.5,78.0,52.5,83.9
virt_B_0583,virtual_cluster,A+,83.1,79.8,59.8,97.2,71.0,79.0,57.9,65.8
virt_B_0584,virtual_cluster,A+,74.5,78.0,71.6,96.7,72.6,72.2,40.7,62.1
virt_B_0585,virtual_cluster,A+,89.0,83.8,53.8,100.0,76.9,84.8,60.1,76.3
virt_B_0586,virtual_cluster,A,64.2,65.2,54.5,100.0,68.7,66.8,76.8,54.1
virt_B_0587,virtual_cluster,A+,85.9,80.5,71.7,100.0,73.8,82.9,54.2,80.8
virt_B_0588,virtual_cluster,A,64.4,62.1,79.1,100.0,62.4,63.7,74.7,64.2
virt_B_0589,virtual_cluster,A,56.0,61.5,77.8,100.0,59.6,56.8,86.5,64.1
virt_B_0590,virtual_cluster,A,71.3,68.8,49.4,100.0,68.0,71.9,64.2,56.7
virt_B_0591,virtual_cluster,A,62.2,65.5,65.1,93.2,65.0,62.3,64.4,70.1
virt_B_0592,virtual_cluster,A,71.9,75.9,55.5,100.0,74.5,72.3,71.8,56.0
virt_B_0593,virtual_cluster,A,63.6,60.0,61.5,100.0,65.9,69.1,63.8,65.5
virt_B_0594,virtual_cluster,A,69.0,58.6,69.4,100.0,63.6,68.6,75.2,51.6
virt_B_0595,virtual_cluster,A,65.1,70.6,65.0,100.0,70.0,64.8,56.2,73.4
virt_B_0596,virtual_cluster,A,66.4,60.2,51.4,100.0,62.2,67.8,100.0,50.2
virt_B_0597,virtual_cluster,A,72.2,79.7,61.6,100.0,80.7,71.4,88.7,65.2
virt_B_0598,virtual_cluster,A,49.2,62.8,63.6,100.0,68.7,49.3,85.9,51.5
virt_B_0599,virtual_cluster,A,60.2,63.4,78.5,100.0,60.8,62.1,79.4,58.1
virt_B_0600,virtual_cluster,A+,75.0,79.0,65.0,100.0,76.9,77.1,41.3,67.8
virt_B_0601,virtual_cluster,A,62.2,62.3,50.1,100.0,63.9,62.8,68.7,61.2
virt_B_0602,virtual_cluster,A,65.9,72.8,84.5,100.0,71.7,62.3,77.9,50.1
virt_B_0603,virtual_cluster,A,52.7,62.0,65.7,100.0,67.2,58.1,80.7,58.9
virt_B_0604,virtual_cluster,A+,73.3,73.3,68.6,100.0,68.8,74.4,52.5,80.1
virt_B_0605,virtual_cluster,A+,87.9,87.8,71.4,100.0,83.8,83.4,51.4,83.3
virt_B_0606,virtual_cluster,A,55.7,47.7,57.2,100.0,61.4,57.4,75.9,37.6
virt_B_0607,virtual_cluster,A+,72.0,76.5,68.2,100.0,68.7,77.2,61.0,70.5
virt_B_0608,virtual_cluster,C,35.4,54.4,71.0,100.0,53.5,40.1,95.3,31.0
virt_B_0609,virtual_cluster,A,60.6,60.3,77.6,100.0,63.5,63.7,77.1,55.7
virt_B_0610,virtual_cluster,A,54.5,52.9,60.8,100.0,60.4,56.2,84.0,57.5
virt_B_0611,virtual_cluster,A,46.4,59.6,59.7,100.0,67.0,49.0,91.8,43.0
virt_B_0612,virtual_cluster,A,65.0,60.0,76.9,100.0,66.9,67.8,75.3,60.5
virt_B_0613,virtual_cluster,A,72.3,75.7,59.1,99.9,72.2,69.6,56.5,59.0
virt_B_0614,virtual_cluster,A,53.4,57.4,77.3,100.0,62.5,59.9,79.3,51.4
virt_B_0615,virtual_cluster,A,66.4,65.6,64.8,89.2,71.6,67.0,76.4,63.0
virt_B_0616,virtual_cluster,A,69.8,72.0,65.7,100.0,64.3,67.8,86.6,62.6
virt_B_0617,virtual_cluster,A+,86.7,83.3,67.7,100.0,75.4,78.6,63.7,78.4
virt_B_0618,virtual_cluster,A,68.0,70.9,73.9,100.0,68.9,70.1,73.9,64.0
virt_B_0619,virtual_cluster,A,65.9,69.0,58.1,100.0,73.5,65.2,79.7,55.4
virt_B_0620,virtual_cluster,A,61.4,61.7,47.6,100.0,69.8,63.9,69.3,59.4
virt_B_0621,virtual_cluster,A,58.5,66.3,64.7,100.0,65.5,58.8,75.6,56.1
virt_B_0622,virtual_cluster,A,51.0,63.6,90.4,100.0,67.3,59.7,89.5,45.7
virt_B_0623,virtual_cluster,A,57.0,59.6,59.8,100.0,62.1,59.0,87.6,49.4
virt_B_0624,virtual_cluster,A,64.7,62.7,41.3,100.0,60.8,63.1,90.8,50.8
virt_B_0625,virtual_cluster,A,65.8,65.4,60.5,100.0,64.5,67.9,62.0,46.3
virt_B_0626,virtual_cluster,A+,77.0,78.7,68.0,100.0,73.2,74.1,76.1,66.9
virt_B_0627,virtual_cluster,A,79.9,67.9,75.2,87.4,67.2,75.6,73.0,64.4
virt_B_0628,virtual_cluster,A,69.3,65.6,67.7,100.0,62.3,70.7,77.5,59.2
virt_B_0629,virtual_cluster,A+,76.0,73.2,47.0,100.0,81.0,79.1,58.1,70.8
virt_B_0630,virtual_cluster,A,50.0,52.7,74.6,100.0,53.4,55.3,72.9,55.9
virt_B_0631,virtual_cluster,A,74.7,70.4,72.5,100.0,70.2,73.7,83.5,64.2
virt_B_0632,virtual_cluster,A,63.5,62.0,58.1,100.0,66.0,64.9,80.4,58.6
virt_B_0633,virtual_cluster,A+,79.8,64.4,78.9,100.0,67.8,76.4,62.8,64.6
virt_B_0634,virtual_cluster,A,72.2,70.5,54.2,86.1,70.1,73.0,75.1,70.1
virt_B_0635,virtual_cluster,A,68.4,64.3,51.0,100.0,62.1,68.1,76.9,62.4
virt_B_0636,virtual_cluster,A,63.9,74.9,72.3,100.0,72.1,63.8,69.9,66.1
virt_B_0637,virtual_cluster,A,51.1,53.9,81.2,100.0,63.3,57.2,89.6,45.5
virt_B_0638,virtual_cluster,A+,71.2,78.5,55.7,99.2,84.4,73.2,72.3,66.3
virt_B_0639,virtual_cluster,A,72.2,65.4,64.6,100.0,70.0,68.6,67.4,67.7
virt_B_0640,virtual_cluster,A,71.4,67.4,64.4,100.0,74.3,67.9,67.0,57.3
virt_B_0641,virtual_cluster,A,52.2,57.9,89.6,100.0,61.2,51.7,94.9,52.9
virt_B_0642,virtual_cluster,A,56.5,58.9,62.2,100.0,59.1,57.1,77.9,43.0
virt_B_0643,virtual_cluster,A,66.0,65.0,38.5,100.0,67.4,68.9,66.2,62.8
virt_B_0644,virtual_cluster,A,56.6,52.0,57.6,100.0,59.7,55.3,98.2,49.4
virt_B_0645,virtual_cluster,A,57.5,58.2,74.7,100.0,58.0,58.8,94.1,46.0
virt_B_0646,virtual_cluster,A+,93.1,80.4,61.7,98.0,75.3,88.2,47.9,85.3
virt_B_0647,virtual_cluster,A,68.2,62.8,59.7,100.0,63.6,67.0,67.1,63.7
virt_B_0648,virtual_cluster,A+,74.4,72.7,77.5,100.0,69.8,77.8,56.8,71.0
virt_B_0649,virtual_cluster,A+,88.0,85.2,78.1,100.0,76.8,85.8,57.8,71.2
virt_B_0650,virtual_cluster,A+,76.7,67.9,70.5,100.0,79.5,73.9,63.5,61.9
virt_B_0651,virtual_cluster,A,64.2,62.5,52.1,100.0,66.7,66.0,74.9,58.7
virt_B_0652,virtual_cluster,A,71.0,69.8,72.8,100.0,76.9,68.4,64.1,58.4
virt_B_0653,virtual_cluster,A,60.5,62.5,65.4,100.0,64.4,61.1,89.2,54.0
virt_B_0654,virtual_cluster,A,72.3,62.3,67.1,100.0,64.2,71.3,70.1,61.7
virt_B_0655,virtual_cluster,A,65.7,62.3,70.4,100.0,66.2,66.0,80.8,60.0
virt_B_0656,virtual_cluster,A,69.5,70.0,81.1,100.0,67.7,69.5,77.1,58.9
virt_B_0657,virtual_cluster,A,70.3,73.6,82.8,100.0,72.5,71.7,82.6,54.4
virt_B_0658,virtual_cluster,A,55.3,56.7,75.3,100.0,63.9,56.7,88.0,40.8
virt_B_0659,virtual_cluster,A,68.7,78.2,60.1,100.0,78.6,68.3,64.7,59.5
virt_B_0660,virtual_cluster,A+,77.9,72.8,81.0,100.0,72.7,78.3,69.3,66.0
virt_B_0661,virtual_cluster,A+,85.4,75.8,58.6,84.9,73.5,80.1,53.6,71.3
virt_B_0662,virtual_cluster,A+,72.6,72.6,76.9,100.0,74.2,69.6,61.3,67.6
virt_B_0663,virtual_cluster,A,61.0,68.6,64.0,100.0,65.8,64.7,73.5,54.5
virt_B_0664,virtual_cluster,A,50.8,60.6,82.4,100.0,58.6,54.1,74.9,40.1
virt_B_0665,virtual_cluster,A+,72.0,75.7,61.8,100.0,76.0,71.9,57.5,55.9
virt_B_0666,virtual_cluster,A,48.5,54.3,71.0,100.0,57.7,52.3,84.1,49.5
virt_B_0667,virtual_cluster,A,62.4,70.8,77.6,100.0,68.9,64.4,86.4,52.4
virt_B_0668,virtual_cluster,A,72.2,67.8,67.8,100.0,72.6,69.6,68.0,69.6
virt_B_0669,virtual_cluster,A,51.7,57.6,57.7,100.0,68.1,58.4,83.4,52.5
virt_B_0670,virtual_cluster,A,79.2,70.7,68.7,100.0,73.2,76.1,91.1,69.1
virt_B_0671,virtual_cluster,A+,72.0,73.0,82.1,100.0,73.7,73.7,69.6,62.5
virt_B_0672,virtual_cluster,A+,88.3,75.5,74.2,95.3,72.5,81.1,46.7,73.9
virt_B_0673,virtual_cluster,A,49.5,61.9,63.1,100.0,62.0,55.5,96.1,51.3
virt_B_0674,virtual_cluster,A,74.7,69.0,57.9,100.0,71.9,71.7,65.5,67.9
virt_B_0675,virtual_cluster,A,63.2,56.2,50.7,100.0,63.1,63.8,80.9,59.5
virt_B_0676,virtual_cluster,A,72.4,65.9,69.6,100.0,63.4,74.8,68.0,61.0
virt_B_0677,virtual_cluster,A,66.9,74.7,60.0,100.0,66.4,67.5,81.1,68.9
virt_B_0678,virtual_cluster,A,73.5,71.8,66.1,97.1,72.0,70.8,74.0,53.0
virt_B_0679,virtual_cluster,A,57.4,55.7,63.4,100.0,59.6,58.1,71.7,43.6
virt_B_0680,virtual_cluster,A,63.2,58.3,67.9,100.0,59.0,62.5,85.3,59.3
virt_B_0681,virtual_cluster,A,70.4,67.6,64.0,100.0,65.0,70.8,68.3,52.1
virt_B_0682,virtual_cluster,A+,90.3,89.6,57.6,100.0,82.0,88.3,49.7,76.8
virt_B_0683,virtual_cluster,A,55.9,54.3,77.6,100.0,58.3,55.9,84.5,40.4
virt_B_0684,virtual_cluster,A,64.0,67.9,71.3,100.0,63.9,64.4,74.7,56.2
virt_B_0685,virtual_cluster,A,62.0,56.4,68.1,100.0,63.1,58.2,79.0,57.5
virt_B_0686,virtual_cluster,A+,80.9,78.1,50.4,100.0,70.7,77.6,48.3,71.1
virt_B_0687,virtual_cluster,A,76.9,75.7,56.6,100.0,72.6,73.2,71.7,56.7
virt_B_0688,virtual_cluster,A+,83.0,77.9,69.4,100.0,77.1,81.4,53.2,67.0
virt_B_0689,virtual_cluster,A,75.6,68.3,64.6,100.0,68.6,74.8,68.3,68.9
virt_B_0690,virtual_cluster,A+,71.6,77.3,100.0,100.0,75.0,68.9,84.2,68.6
virt_B_0691,virtual_cluster,C,39.1,42.2,79.0,100.0,52.2,46.7,95.4,36.4
virt_B_0692,virtual_cluster,A,60.1,57.5,60.9,100.0,60.1,60.4,89.8,54.9
virt_B_0693,virtual_cluster,A,68.7,70.7,71.8,100.0,69.5,65.2,87.5,60.2
virt_B_0694,virtual_cluster,A,67.7,72.3,66.2,100.0,71.3,68.0,77.3,57.3
virt_B_0695,virtual_cluster,A,60.0,67.6,57.3,100.0,69.5,60.3,86.8,64.3
virt_B_0696,virtual_cluster,A,54.3,64.1,69.7,100.0,59.6,54.7,75.9,43.0
virt_B_0697,virtual_cluster,A+,79.7,69.2,61.4,100.0,62.8,75.4,63.7,69.4
virt_B_0698,virtual_cluster,A+,88.8,80.2,75.0,100.0,76.6,82.1,60.0,72.7
virt_B_0699,virtual_cluster,A+,82.2,68.2,72.1,100.0,75.9,77.4,60.8,64.6
virt_B_0700,virtual_cluster,A+,82.7,83.6,51.1,89.4,76.4,76.9,51.9,74.7
virt_C_0701,virtual_cluster,C,50.9,46.4,67.0,100.0,50.8,53.7,100.0,40.0
virt_C_0702,virtual_cluster,A,59.0,54.5,61.8,100.0,51.5,59.5,87.0,39.1
virt_C_0703,virtual_cluster,C,37.5,38.6,50.9,100.0,44.3,43.3,87.6,30.1
virt_C_0704,virtual_cluster,C,55.9,50.3,36.5,100.0,49.2,57.3,100.0,41.8
virt_C_0705,virtual_cluster,C,44.2,60.7,59.7,100.0,58.5,45.5,89.9,42.6
virt_C_0706,virtual_cluster,A,60.7,65.7,58.2,100.0,57.0,59.9,82.2,58.3
virt_C_0707,virtual_cluster,A,55.7,55.4,63.3,100.0,48.7,56.5,79.6,48.9
virt_C_0708,virtual_cluster,C,41.2,42.9,60.1,95.3,46.3,42.0,100.0,50.8
virt_C_0709,virtual_cluster,A,73.8,52.5,29.7,100.0,56.6,70.2,68.5,50.7
virt_C_0710,virtual_cluster,A,65.9,55.8,47.4,100.0,62.2,60.9,80.9,65.7
virt_C_0711,virtual_cluster,A,56.5,52.8,76.2,100.0,59.9,54.4,99.5,30.5
virt_C_0712,virtual_cluster,A,48.8,60.0,82.5,94.7,56.3,46.9,92.4,37.9
virt_C_0713,virtual_cluster,C,58.1,57.1,43.2,93.3,48.1,55.7,93.4,51.6
virt_C_0714,virtual_cluster,A,52.7,52.9,48.9,100.0,64.2,55.1,85.9,50.0
virt_C_0715,virtual_cluster,C,45.7,39.1,67.9,100.0,47.3,47.4,99.2,49.1
virt_C_0716,virtual_cluster,C,29.5,30.5,48.6,100.0,43.9,33.7,100.0,25.4
virt_C_0717,virtual_cluster,A,67.5,53.0,55.3,100.0,52.4,63.7,82.0,63.7
virt_C_0718,virtual_cluster,C,36.7,36.9,71.6,94.6,46.9,43.3,100.0,31.9
virt_C_0719,virtual_cluster,A,56.9,66.0,56.0,100.0,55.7,57.8,97.1,55.5
virt_C_0720,virtual_cluster,C,47.9,56.0,52.6,100.0,55.3,48.4,77.7,40.1
virt_C_0721,virtual_cluster,A,50.4,55.1,76.4,100.0,49.7,47.0,77.6,40.5
virt_C_0722,virtual_cluster,A,60.3,70.2,56.8,84.8,67.1,56.5,66.9,58.9
virt_C_0723,virtual_cluster,C,58.9,46.0,42.7,100.0,47.2,56.6,100.0,54.8
virt_C_0724,virtual_cluster,A,74.6,71.5,36.7,87.7,65.0,71.8,56.6,68.2
virt_C_0725,virtual_cluster,A,65.9,60.0,30.3,100.0,69.3,63.6,73.3,50.5
virt_C_0726,virtual_cluster,C,48.6,40.5,54.1,96.7,49.0,50.9,96.9,46.6
virt_C_0727,virtual_cluster,A,78.3,61.6,41.0,100.0,74.2,75.1,92.9,65.1
virt_C_0728,virtual_cluster,A,61.1,62.4,46.0,100.0,53.1,66.3,77.7,54.5
virt_C_0729,virtual_cluster,A,63.2,67.3,67.6,100.0,63.6,62.9,81.2,61.2
virt_C_0730,virtual_cluster,A+,76.4,68.1,64.1,100.0,65.7,71.8,52.2,63.3
virt_C_0731,virtual_cluster,A,59.2,55.0,62.3,100.0,61.7,59.2,92.3,44.6
virt_C_0732,virtual_cluster,A,53.3,56.3,62.5,100.0,57.5,53.0,75.9,54.4
virt_C_0733,virtual_cluster,A,58.8,59.9,70.9,100.0,58.9,58.7,84.9,45.1
virt_C_0734,virtual_cluster,A,65.5,55.4,49.3,100.0,51.4,62.5,70.7,57.9
virt_C_0735,virtual_cluster,C,34.3,46.7,70.1,100.0,49.8,41.2,100.0,36.6
virt_C_0736,virtual_cluster,A,52.2,56.3,89.1,100.0,54.7,52.1,90.7,42.8
virt_C_0737,virtual_cluster,C,56.9,50.9,29.4,100.0,53.0,62.3,100.0,58.2
virt_C_0738,virtual_cluster,C,43.5,55.6,50.9,100.0,55.5,45.8,100.0,47.5
virt_C_0739,virtual_cluster,A,48.0,56.9,60.1,100.0,59.8,47.7,87.6,49.3
virt_C_0740,virtual_cluster,C,40.6,49.0,73.7,100.0,52.2,43.6,100.0,44.3
virt_C_0741,virtual_cluster,A,62.1,53.6,38.5,100.0,48.0,62.5,92.6,55.6
virt_C_0742,virtual_cluster,A,73.2,72.0,59.2,97.6,62.4,72.7,73.2,68.5
virt_C_0743,virtual_cluster,C,39.9,41.3,53.2,100.0,43.2,44.8,100.0,39.4
virt_C_0744,virtual_cluster,A,58.8,64.6,43.6,100.0,64.9,57.5,92.4,61.0
virt_C_0745,virtual_cluster,C,50.9,57.4,56.1,100.0,46.6,52.0,100.0,49.3
virt_C_0746,virtual_cluster,C,40.1,40.8,94.4,100.0,47.8,44.7,84.3,41.3
virt_C_0747,virtual_cluster,C,40.8,54.1,11.7,100.0,60.9,43.6,92.3,32.7
virt_C_0748,virtual_cluster,A,84.1,74.3,59.5,100.0,66.1,77.9,81.2,74.0
virt_C_0749,virtual_cluster,A,58.5,64.3,66.2,98.0,52.2,63.7,77.9,53.4
virt_C_0750,virtual_cluster,A,58.6,58.3,36.8,100.0,55.3,55.8,79.5,63.1
virt_C_0751,virtual_cluster,A,75.1,75.2,58.9,100.0,61.3,74.4,48.1,51.6
virt_C_0752,virtual_cluster,A,54.8,68.4,72.6,100.0,63.9,53.4,64.5,55.5
virt_C_0753,virtual_cluster,A,57.0,54.7,57.0,100.0,55.1,55.4,93.2,49.3
virt_C_0754,virtual_cluster,C,55.0,49.6,48.3,100.0,56.9,51.5,100.0,41.9
virt_C_0755,virtual_cluster,A,53.9,51.4,46.9,100.0,58.9,53.8,77.8,42.1
virt_C_0756,virtual_cluster,A+,92.6,78.5,46.1,87.3,67.7,87.0,63.4,91.4
virt_C_0757,virtual_cluster,A,61.5,64.5,66.8,100.0,62.1,63.4,98.9,51.1
virt_C_0758,virtual_cluster,A,72.3,69.4,54.8,100.0,55.9,69.4,52.2,64.2
virt_C_0759,virtual_cluster,A,71.2,66.9,78.6,100.0,62.5,69.2,70.6,64.9
virt_C_0760,virtual_cluster,C,36.6,42.6,43.9,100.0,49.1,39.7,100.0,26.4
virt_C_0761,virtual_cluster,A,57.2,57.7,75.4,100.0,61.2,55.9,81.6,52.1
virt_C_0762,virtual_cluster,A,52.8,56.0,39.7,92.4,43.9,58.1,79.6,57.5
virt_C_0763,virtual_cluster,A,60.0,58.0,28.3,100.0,59.0,56.2,86.8,65.5
virt_C_0764,virtual_cluster,C,31.0,32.2,56.6,100.0,39.3,39.0,100.0,20.9
virt_C_0765,virtual_cluster,A,52.2,61.8,49.1,87.4,61.6,53.8,100.0,59.2
virt_C_0766,virtual_cluster,A,71.1,71.1,64.1,100.0,63.4,72.1,73.0,60.2
virt_C_0767,virtual_cluster,A,50.9,64.9,59.7,100.0,54.1,52.5,76.9,53.2
virt_C_0768,virtual_cluster,C,51.6,50.5,61.5,100.0,48.1,52.2,100.0,54.5
virt_C_0769,virtual_cluster,A,51.8,54.5,47.6,100.0,53.5,52.0,58.6,40.1
virt_C_0770,virtual_cluster,A,65.6,60.7,56.5,100.0,59.9,60.5,81.1,49.3
virt_C_0771,virtual_cluster,A,71.7,59.6,44.5,100.0,63.4,71.5,75.2,57.0
virt_C_0772,virtual_cluster,A+,77.9,74.2,62.1,89.6,60.7,73.0,54.3,66.4
virt_C_0773,virtual_cluster,A,56.8,67.9,45.9,100.0,64.8,53.4,85.9,61.0
virt_C_0774,virtual_cluster,A,61.5,57.4,75.4,100.0,55.5,56.7,72.1,53.9
virt_C_0775,virtual_cluster,A,60.9,64.2,53.8,100.0,61.3,58.8,90.8,53.4
virt_C_0776,virtual_cluster,A,49.5,51.9,58.1,93.7,55.7,49.5,93.3,57.1
virt_C_0777,virtual_cluster,A,55.3,65.6,45.7,100.0,60.1,53.3,81.3,55.4
virt_C_0778,virtual_cluster,C,39.5,37.3,53.3,100.0,52.6,41.5,100.0,29.9
virt_C_0779,virtual_cluster,C,48.6,54.7,54.6,96.7,53.0,51.3,87.1,35.1
virt_C_0780,virtual_cluster,A,66.6,63.1,56.6,100.0,64.3,63.8,72.8,53.0
virt_C_0781,virtual_cluster,C,48.4,50.7,48.4,100.0,39.2,54.4,100.0,33.4
virt_C_0782,virtual_cluster,A,61.3,53.4,47.1,100.0,60.4,61.2,68.1,49.8
virt_C_0783,virtual_cluster,A,57.7,58.9,44.8,100.0,58.1,59.9,80.6,47.8
virt_C_0784,virtual_cluster,A,70.8,68.8,51.2,100.0,60.3,66.8,46.6,67.0
virt_C_0785,virtual_cluster,A,56.3,56.8,63.6,100.0,54.2,59.7,72.5,50.9
virt_C_0786,virtual_cluster,A,50.2,41.8,83.7,100.0,47.4,48.2,70.6,43.8
virt_C_0787,virtual_cluster,C,46.3,45.6,45.9,100.0,50.2,49.1,100.0,42.7
virt_C_0788,virtual_cluster,A+,76.3,73.2,46.8,85.7,66.7,71.8,61.2,78.3
virt_C_0789,virtual_cluster,A,69.9,60.3,39.6,100.0,58.0,67.0,80.2,54.1
virt_C_0790,virtual_cluster,C,43.0,45.4,47.4,100.0,51.5,44.4,100.0,41.1
virt_C_0791,virtual_cluster,C,37.6,44.5,48.0,100.0,51.5,42.3,100.0,30.9
virt_C_0792,virtual_cluster,C,57.6,50.2,48.4,100.0,47.6,58.7,85.1,39.4
virt_C_0793,virtual_cluster,A,82.5,70.9,38.9,100.0,66.4,74.3,58.9,62.7
virt_C_0794,virtual_cluster,C,39.2,39.1,43.6,100.0,49.6,41.9,100.0,39.8
virt_C_0795,virtual_cluster,C,40.4,57.2,25.3,100.0,58.5,39.2,80.3,39.0
virt_C_0796,virtual_cluster,C,56.1,56.1,19.2,100.0,57.6,55.1,70.8,41.5
virt_C_0797,virtual_cluster,C,30.9,39.5,53.7,100.0,37.3,34.8,100.0,33.6
virt_C_0798,virtual_cluster,C,38.2,45.5,48.5,96.6,54.9,41.7,100.0,29.2
virt_C_0799,virtual_cluster,A,50.5,47.4,62.3,100.0,47.5,50.9,66.4,41.2
virt_C_0800,virtual_cluster,A,60.4,61.8,37.2,100.0,55.7,62.0,83.6,54.9
virt_C_0801,virtual_cluster,C,42.8,48.6,51.0,100.0,59.4,42.7,97.1,44.3
virt_C_0802,virtual_cluster,A,53.2,56.9,62.2,100.0,54.3,49.4,98.7,51.5
virt_C_0803,virtual_cluster,A,73.2,71.4,60.6,100.0,62.2,67.6,60.5,62.4
virt_C_0804,virtual_cluster,C,30.0,38.2,40.4,100.0,44.7,33.3,100.0,17.9
virt_C_0805,virtual_cluster,C,38.8,49.7,27.3,100.0,50.2,43.9,91.9,25.8
virt_C_0806,virtual_cluster,A,55.7,50.4,69.0,100.0,50.7,54.6,98.2,50.6
virt_C_0807,virtual_cluster,C,50.3,49.9,36.8,100.0,54.4,51.5,100.0,44.4
virt_C_0808,virtual_cluster,C,38.0,48.3,72.9,99.8,48.1,40.8,100.0,47.8
virt_C_0809,virtual_cluster,C,45.8,46.3,49.3,100.0,50.6,49.8,100.0,44.0
virt_C_0810,virtual_cluster,A,51.1,51.4,65.2,87.9,49.4,48.4,67.1,54.6
virt_C_0811,virtual_cluster,C,49.1,41.2,43.2,100.0,48.1,49.7,82.7,30.2
virt_C_0812,virtual_cluster,A,67.1,72.8,42.4,100.0,70.7,63.6,81.6,78.0
virt_C_0813,virtual_cluster,A,64.4,65.6,64.5,100.0,58.3,64.3,85.3,66.8
virt_C_0814,virtual_cluster,A,66.5,55.3,74.6,100.0,60.6,65.1,86.9,60.2
virt_C_0815,virtual_cluster,C,25.5,46.6,73.1,100.0,49.5,31.9,100.0,39.4
virt_C_0816,virtual_cluster,C,44.1,30.9,42.2,100.0,34.2,48.0,91.3,41.1
virt_C_0817,virtual_cluster,C,42.0,59.9,35.7,100.0,64.0,43.5,87.8,42.7
virt_C_0818,virtual_cluster,C,31.7,37.6,54.2,100.0,45.7,39.0,87.9,35.7
virt_C_0819,virtual_cluster,A,53.6,58.5,62.1,100.0,57.5,51.8,93.7,40.8
virt_C_0820,virtual_cluster,C,50.6,38.9,50.1,100.0,48.1,54.6,100.0,34.8
virt_C_0821,virtual_cluster,C,40.5,44.5,63.0,100.0,36.0,41.5,100.0,27.7
virt_C_0822,virtual_cluster,A,70.0,71.1,69.1,88.5,63.4,63.6,71.4,67.7
virt_C_0823,virtual_cluster,A,63.5,51.0,61.9,100.0,48.1,60.9,92.7,37.9
virt_C_0824,virtual_cluster,C,47.0,45.2,52.0,100.0,48.4,45.1,91.1,45.0
virt_C_0825,virtual_cluster,A,49.5,41.8,81.0,100.0,49.9,54.3,70.0,35.8
virt_C_0826,virtual_cluster,A,50.6,56.4,55.8,100.0,53.6,51.5,83.9,60.2
virt_C_0827,virtual_cluster,A,61.2,58.4,39.8,100.0,63.9,61.7,64.6,57.2
virt_C_0828,virtual_cluster,C,47.9,59.7,55.0,100.0,49.2,51.2,100.0,55.2
virt_C_0829,virtual_cluster,A,73.1,71.4,44.9,91.3,72.4,71.0,70.7,80.9
virt_C_0830,virtual_cluster,A,49.8,53.2,47.7,100.0,55.9,48.5,79.6,63.7
virt_C_0831,virtual_cluster,C,30.2,39.4,44.1,100.0,40.0,34.1,100.0,24.4
virt_C_0832,virtual_cluster,C,38.4,42.8,40.6,100.0,51.1,41.4,86.8,42.5
virt_C_0833,virtual_cluster,A+,81.9,70.3,70.1,100.0,62.4,76.2,75.5,75.6
virt_C_0834,virtual_cluster,A,64.0,63.9,54.1,86.0,59.4,64.1,78.0,61.4
virt_C_0835,virtual_cluster,C,47.1,58.2,41.7,100.0,46.6,52.0,71.5,40.1
virt_C_0836,virtual_cluster,A,76.9,61.1,51.9,100.0,55.9,71.2,73.3,56.4
virt_C_0837,virtual_cluster,A,61.2,62.2,51.7,96.5,67.5,57.2,87.4,65.3
virt_C_0838,virtual_cluster,A,54.9,50.0,57.5,93.3,39.8,50.2,75.3,55.4
virt_C_0839,virtual_cluster,C,43.5,44.7,41.5,100.0,48.7,52.0,100.0,43.8
virt_C_0840,virtual_cluster,C,50.7,46.2,57.2,100.0,50.8,52.1,90.7,53.1
virt_C_0841,virtual_cluster,C,50.7,44.3,55.7,100.0,38.1,53.1,100.0,55.9
virt_C_0842,virtual_cluster,A,56.3,62.1,50.4,100.0,60.5,57.6,96.6,49.2
virt_C_0843,virtual_cluster,A,67.8,59.5,41.1,100.0,61.1,63.6,72.6,65.6
virt_C_0844,virtual_cluster,C,35.8,36.5,75.9,100.0,43.3,41.8,99.0,29.0
virt_C_0845,virtual_cluster,A,71.6,65.4,49.5,100.0,53.9,67.1,84.1,51.7
virt_C_0846,virtual_cluster,C,44.3,48.5,60.1,100.0,52.5,45.2,93.6,49.0
virt_C_0847,virtual_cluster,A,59.0,53.4,51.7,100.0,56.2,59.1,84.1,65.5
virt_C_0848,virtual_cluster,A,57.5,59.2,41.0,100.0,49.3,59.0,88.7,61.6
virt_C_0849,virtual_cluster,C,41.1,52.4,50.2,100.0,45.7,44.9,90.0,34.8
virt_C_0850,virtual_cluster,C,35.9,46.8,56.9,100.0,50.5,42.1,95.4,42.6
virt_C_0851,virtual_cluster,C,43.8,46.2,43.2,100.0,49.7,44.9,100.0,30.8
virt_C_0852,virtual_cluster,C,39.5,39.8,50.4,100.0,47.2,44.4,85.4,39.5
virt_C_0853,virtual_cluster,C,32.3,38.8,56.6,100.0,53.0,37.2,100.0,19.0
virt_C_0854,virtual_cluster,C,44.4,42.0,52.3,100.0,39.0,43.7,84.8,29.8
virt_C_0855,virtual_cluster,C,47.5,53.1,35.5,100.0,59.9,48.9,90.6,45.2
virt_C_0856,virtual_cluster,A,61.5,60.4,70.3,100.0,57.1,62.4,79.6,58.9
virt_C_0857,virtual_cluster,A,60.3,58.1,42.6,100.0,50.8,54.5,64.7,40.2
virt_C_0858,virtual_cluster,A,48.8,55.2,43.9,95.1,62.9,47.2,87.2,57.6
virt_C_0859,virtual_cluster,C,35.5,38.6,54.6,100.0,46.4,38.4,100.0,43.1
virt_C_0860,virtual_cluster,C,47.8,48.1,64.3,100.0,50.6,48.8,89.9,41.5
virt_C_0861,virtual_cluster,A,55.1,59.1,41.1,100.0,50.8,56.8,97.2,69.3
virt_C_0862,virtual_cluster,C,43.1,63.6,29.5,100.0,55.8,45.4,87.2,43.1
virt_C_0863,virtual_cluster,A,66.7,59.4,58.5,100.0,62.5,69.3,73.5,60.2
virt_C_0864,virtual_cluster,A,52.6,48.9,84.1,90.7,50.7,54.4,71.7,50.2
virt_C_0865,virtual_cluster,C,39.0,39.9,45.5,100.0,43.6,41.7,93.2,35.6
virt_C_0866,virtual_cluster,A+,82.4,68.6,70.9,100.0,65.7,81.5,63.3,60.8
virt_C_0867,virtual_cluster,C,34.3,50.0,51.7,100.0,51.5,40.3,87.6,32.8
virt_C_0868,virtual_cluster,C,51.6,49.0,50.6,100.0,44.1,53.2,89.1,41.0
virt_C_0869,virtual_cluster,C,40.3,42.1,69.8,100.0,49.7,41.6,95.3,39.9
virt_C_0870,virtual_cluster,A,67.0,62.9,72.2,100.0,58.2,66.7,61.1,64.9
virt_C_0871,virtual_cluster,A,61.7,63.1,61.5,100.0,66.3,58.6,95.7,51.7
virt_C_0872,virtual_cluster,C,45.8,48.1,54.8,97.6,45.3,49.9,69.3,55.1
virt_C_0873,virtual_cluster,C,54.8,53.2,51.9,100.0,57.6,53.1,98.2,40.5
virt_C_0874,virtual_cluster,C,48.5,51.2,52.2,100.0,53.6,50.6,79.4,41.6
virt_C_0875,virtual_cluster,A,44.5,64.5,54.6,100.0,53.8,44.6,82.7,51.0
virt_C_0876,virtual_cluster,A,64.8,64.8,79.9,90.5,72.5,62.8,51.5,50.0
virt_C_0877,virtual_cluster,A,59.5,53.4,79.5,100.0,57.8,57.7,79.9,43.2
virt_C_0878,virtual_cluster,C,37.3,46.1,32.0,100.0,51.3,40.2,83.1,32.9
virt_C_0879,virtual_cluster,C,52.6,43.7,48.4,100.0,46.4,55.4,91.5,53.1
virt_C_0880,virtual_cluster,C,52.7,51.7,46.8,100.0,54.2,51.7,100.0,53.8
virt_C_0881,virtual_cluster,C,50.4,46.1,29.5,100.0,48.9,53.6,100.0,36.4
virt_C_0882,virtual_cluster,A,48.7,55.6,66.3,100.0,59.5,47.5,67.9,46.1
virt_C_0883,virtual_cluster,C,51.1,44.7,46.3,100.0,42.6,51.8,84.9,43.6
virt_C_0884,virtual_cluster,C,40.3,55.9,38.2,100.0,49.2,37.7,93.6,49.6
virt_C_0885,virtual_cluster,A,54.8,46.5,44.8,100.0,53.8,54.2,72.0,47.8
virt_C_0886,virtual_cluster,A,75.3,63.5,49.7,100.0,56.8,70.3,67.0,57.8
virt_C_0887,virtual_cluster,C,51.0,49.6,69.6,100.0,49.2,54.2,100.0,39.7
virt_C_0888,virtual_cluster,A,67.4,49.4,46.5,100.0,47.1,65.9,90.1,63.1
virt_C_0889,virtual_cluster,C,56.2,60.2,41.0,100.0,52.3,54.3,85.0,36.3
virt_C_0890,virtual_cluster,A,64.2,57.5,43.9,100.0,45.7,61.5,58.3,48.3
virt_C_0891,virtual_cluster,A,61.0,60.4,70.3,100.0,54.2,58.1,71.3,58.9
virt_C_0892,virtual_cluster,A,55.1,60.3,59.5,74.2,52.8,53.3,70.1,50.6
virt_C_0893,virtual_cluster,A,57.5,50.7,62.8,100.0,52.8,57.6,73.6,51.5
virt_C_0894,virtual_cluster,A,53.0,64.1,71.1,100.0,68.5,55.4,68.7,41.2
virt_C_0895,virtual_cluster,A,64.7,56.7,36.9,100.0,58.0,59.8,67.3,54.1
virt_C_0896,virtual_cluster,A,58.8,57.1,66.3,100.0,60.1,58.1,95.6,54.3
virt_C_0897,virtual_cluster,A,66.2,53.4,56.0,99.7,51.0,60.3,70.6,62.1
virt_C_0898,virtual_cluster,C,48.3,45.7,41.3,100.0,41.2,46.4,100.0,49.8
virt_C_0899,virtual_cluster,C,40.1,40.0,64.4,100.0,47.6,40.9,92.2,39.6
virt_C_0900,virtual_cluster,A,65.3,56.9,50.5,100.0,50.2,62.3,87.7,51.5
virt_D_0901,virtual_cluster,A,82.4,57.7,47.0,90.4,54.6,71.0,59.3,74.1
virt_D_0902,virtual_cluster,C,33.6,35.3,62.7,100.0,35.2,33.9,85.7,42.3
virt_D_0903,virtual_cluster,C,51.9,43.8,50.9,87.9,37.7,48.0,100.0,39.8
virt_D_0904,virtual_cluster,C,0.0,23.3,27.7,100.0,45.8,12.2,100.0,8.4
virt_D_0905,virtual_cluster,C,58.8,53.9,47.1,95.1,45.6,46.7,100.0,49.3
virt_D_0906,virtual_cluster,C,29.4,36.2,30.8,100.0,38.2,35.5,100.0,24.0
virt_D_0907,virtual_cluster,C,53.7,58.0,22.4,100.0,47.0,53.3,90.3,49.8
virt_D_0908,virtual_cluster,C,18.4,22.0,35.4,100.0,11.6,19.2,100.0,23.5
virt_D_0909,virtual_cluster,A,64.8,59.0,56.9,89.3,37.2,60.8,91.4,37.8
virt_D_0910,virtual_cluster,C,20.2,38.2,41.1,100.0,36.9,22.2,100.0,23.3
virt_D_0911,virtual_cluster,A,48.1,68.3,44.3,75.2,60.6,43.5,65.9,55.8
virt_D_0912,virtual_cluster,C,30.6,42.8,50.6,100.0,42.5,30.1,86.2,41.6
virt_D_0913,virtual_cluster,C,44.5,43.7,30.0,98.7,40.1,46.7,100.0,32.0
virt_D_0914,virtual_cluster,C,19.2,13.0,26.4,90.2,18.1,22.3,100.0,9.7
virt_D_0915,virtual_cluster,C,35.6,38.2,43.7,80.5,46.0,38.7,100.0,37.2
virt_D_0916,virtual_cluster,C,49.0,42.3,37.4,100.0,48.0,53.4,97.3,37.8
virt_D_0917,virtual_cluster,C,35.8,40.5,42.8,100.0,25.2,37.4,93.7,18.0
virt_D_0918,virtual_cluster,C,23.4,25.3,41.3,100.0,31.7,32.7,100.0,24.4
virt_D_0919,virtual_cluster,C,26.0,26.9,40.3,100.0,30.5,27.9,100.0,20.4
virt_D_0920,virtual_cluster,A,63.3,49.0,49.0,86.3,43.7,61.7,53.6,57.2
virt_D_0921,virtual_cluster,C,24.4,28.3,64.7,100.0,32.8,30.8,92.5,24.8
virt_D_0922,virtual_cluster,C,32.9,32.1,60.2,100.0,42.6,35.5,100.0,20.8
virt_D_0923,virtual_cluster,C,45.6,44.9,41.9,97.7,44.6,47.6,85.3,43.9
virt_D_0924,virtual_cluster,C,30.4,35.1,40.0,100.0,46.4,26.5,100.0,31.6
virt_D_0925,virtual_cluster,C,32.8,27.4,19.3,100.0,36.7,31.9,87.2,33.7
virt_D_0926,virtual_cluster,C,32.1,14.2,51.7,100.0,26.9,35.6,100.0,26.7
virt_D_0927,virtual_cluster,A,65.0,60.4,39.9,100.0,51.0,58.8,75.8,56.9
virt_D_0928,virtual_cluster,C,41.1,41.7,73.5,100.0,45.0,37.8,80.4,38.7
virt_D_0929,virtual_cluster,C,38.7,45.2,40.9,100.0,36.4,42.9,100.0,49.7
virt_D_0930,virtual_cluster,C,22.9,25.1,54.6,94.6,24.2,28.8,100.0,18.7
virt_D_0931,virtual_cluster,C,35.5,42.6,34.3,89.0,41.2,40.2,74.8,37.7
virt_D_0932,virtual_cluster,C,25.0,17.7,22.6,100.0,29.6,26.6,100.0,18.4
virt_D_0933,virtual_cluster,C,51.3,49.9,27.2,100.0,53.0,50.6,99.1,36.8
virt_D_0934,virtual_cluster,C,38.3,36.9,44.6,100.0,42.9,33.0,75.5,27.3
virt_D_0935,virtual_cluster,C,50.5,49.6,61.2,83.2,50.0,46.1,84.3,47.4
virt_D_0936,virtual_cluster,C,33.2,36.5,39.9,100.0,36.2,35.4,100.0,30.1
virt_D_0937,virtual_cluster,C,32.7,57.7,7.8,100.0,55.7,36.1,100.0,29.5
virt_D_0938,virtual_cluster,C,37.2,28.1,55.1,100.0,20.5,37.5,100.0,28.7
virt_D_0939,virtual_cluster,C,35.2,28.4,23.2,84.1,32.5,36.5,100.0,21.5
virt_D_0940,virtual_cluster,C,0.0,23.2,56.4,100.0,24.2,7.5,100.0,0.0
virt_D_0941,virtual_cluster,C,44.5,54.3,36.0,100.0,33.2,46.6,90.1,53.7
virt_D_0942,virtual_cluster,C,37.7,27.0,58.2,100.0,34.1,32.2,78.6,31.4
virt_D_0943,virtual_cluster,C,22.0,14.1,9.6,92.6,30.8,23.9,100.0,13.4
virt_D_0944,virtual_cluster,C,33.8,32.5,40.2,100.0,28.5,34.0,100.0,24.2
virt_D_0945,virtual_cluster,C,28.9,24.6,62.4,82.8,40.1,30.0,81.7,31.4
virt_D_0946,virtual_cluster,C,30.5,24.0,45.4,100.0,29.7,35.0,100.0,19.4
virt_D_0947,virtual_cluster,C,49.4,45.8,27.6,100.0,35.3,51.2,62.4,47.9
virt_D_0948,virtual_cluster,C,51.3,53.8,21.8,100.0,53.9,49.3,67.9,45.2
virt_D_0949,virtual_cluster,C,33.2,32.5,40.4,100.0,37.5,35.2,99.0,47.6
virt_D_0950,virtual_cluster,C,40.8,33.3,81.8,100.0,36.2,41.3,86.7,28.7
virt_D_0951,virtual_cluster,C,36.2,33.3,58.4,100.0,35.2,38.0,100.0,33.9
virt_D_0952,virtual_cluster,C,37.0,26.0,43.1,100.0,42.5,41.6,100.0,46.6
virt_D_0953,virtual_cluster,C,52.4,52.2,54.5,100.0,47.3,49.4,78.4,38.1
virt_D_0954,virtual_cluster,C,51.6,54.3,23.5,92.4,49.3,47.0,100.0,45.3
virt_D_0955,virtual_cluster,C,42.4,36.0,22.6,100.0,42.2,39.0,100.0,53.3
virt_D_0956,virtual_cluster,C,48.1,42.5,39.8,98.7,38.8,45.7,74.9,33.5
virt_D_0957,virtual_cluster,C,34.6,34.0,4.8,100.0,29.5,40.5,100.0,39.8
virt_D_0958,virtual_cluster,A,62.8,62.6,52.3,76.6,38.3,58.2,89.9,75.3
virt_D_0959,virtual_cluster,C,44.9,35.2,32.4,100.0,31.1,41.8,100.0,42.9
virt_D_0960,virtual_cluster,C,62.2,34.3,33.5,97.3,25.8,61.9,100.0,59.4
virt_D_0961,virtual_cluster,C,10.2,28.4,35.6,100.0,33.2,16.0,100.0,13.4
virt_D_0962,virtual_cluster,C,39.3,49.4,47.2,100.0,47.0,35.5,86.7,21.7
virt_D_0963,virtual_cluster,C,43.2,49.0,38.3,100.0,47.2,38.7,68.6,24.9
virt_D_0964,virtual_cluster,C,45.5,24.7,64.2,88.5,30.6,43.8,100.0,31.3
virt_D_0965,virtual_cluster,C,36.2,43.6,57.8,95.2,39.2,38.2,85.3,35.7
virt_D_0966,virtual_cluster,C,0.0,17.8,43.0,100.0,18.3,6.4,100.0,3.9
virt_D_0967,virtual_cluster,C,41.8,48.3,29.8,100.0,41.1,37.2,97.5,24.0
virt_D_0968,virtual_cluster,C,40.2,39.0,82.1,100.0,24.9,46.1,100.0,17.9
virt_D_0969,virtual_cluster,C,33.4,34.8,38.8,100.0,37.2,34.6,83.9,39.0
virt_D_0970,virtual_cluster,C,18.5,5.8,15.9,100.0,18.0,19.7,100.0,5.1
virt_D_0971,virtual_cluster,C,18.8,34.0,60.4,100.0,48.9,29.2,100.0,6.2
virt_D_0972,virtual_cluster,A,68.7,70.7,10.4,82.1,47.0,63.2,52.0,44.8
virt_D_0973,virtual_cluster,C,45.3,38.9,24.7,96.6,42.4,36.4,93.5,36.5
virt_D_0974,virtual_cluster,C,24.3,20.6,36.8,100.0,41.8,26.5,100.0,42.6
virt_D_0975,virtual_cluster,C,51.8,35.8,45.9,100.0,44.5,47.8,100.0,45.2
virt_D_0976,virtual_cluster,C,30.2,27.7,67.8,100.0,29.7,30.5,100.0,30.1
virt_D_0977,virtual_cluster,C,39.3,32.7,18.9,97.0,31.2,40.6,100.0,43.2
virt_D_0978,virtual_cluster,C,45.6,42.1,74.0,100.0,36.7,43.8,87.3,42.9
virt_D_0979,virtual_cluster,C,51.5,42.6,34.0,100.0,43.3,47.4,87.7,49.7
virt_D_0980,virtual_cluster,C,46.8,40.3,39.1,100.0,46.2,46.8,100.0,45.5
virt_D_0981,virtual_cluster,A,61.1,52.7,39.8,65.8,43.0,55.5,90.6,69.1
virt_D_0982,virtual_cluster,C,35.5,33.6,30.8,88.6,45.6,37.5,100.0,36.0
virt_D_0983,virtual_cluster,C,49.2,34.1,61.1,97.5,34.5,46.4,97.3,30.7
virt_D_0984,virtual_cluster,A,51.9,56.5,36.1,100.0,47.3,44.6,71.2,61.4
virt_D_0985,virtual_cluster,C,46.6,51.7,50.9,100.0,34.3,44.2,81.9,20.8
virt_D_0986,virtual_cluster,C,45.6,57.9,31.2,97.0,39.7,43.5,90.9,40.8
virt_D_0987,virtual_cluster,C,33.9,42.7,50.0,100.0,39.8,36.7,100.0,29.8
virt_D_0988,virtual_cluster,C,54.8,56.1,5.6,100.0,54.0,53.6,88.0,63.3
virt_D_0989,virtual_cluster,C,55.6,46.9,58.4,100.0,46.2,48.4,95.6,49.8
virt_D_0990,virtual_cluster,C,31.4,25.5,32.5,100.0,38.9,36.1,100.0,36.9
virt_D_0991,virtual_cluster,C,24.7,25.9,0.0,100.0,33.5,28.4,100.0,24.1
virt_D_0992,virtual_cluster,C,21.7,36.9,24.4,99.2,45.0,19.0,100.0,24.8
virt_D_0993,virtual_cluster,C,36.3,43.3,25.7,96.3,40.1,34.9,100.0,36.9
virt_D_0994,virtual_cluster,C,35.1,37.8,47.3,100.0,30.2,39.0,100.0,20.4
virt_D_0995,virtual_cluster,C,37.4,56.3,35.5,100.0,48.7,38.0,89.8,46.7
virt_D_0996,virtual_cluster,A+,92.4,75.2,51.5,95.0,67.4,84.4,36.5,89.8
virt_D_0997,virtual_cluster,C,46.7,36.2,40.6,100.0,35.6,47.0,100.0,36.3
virt_D_0998,virtual_cluster,C,20.7,22.2,35.6,100.0,23.3,23.8,100.0,30.2
virt_D_0999,virtual_cluster,C,42.0,46.3,29.3,100.0,38.3,40.4,74.6,37.5
virt_D_1000,virtual_cluster,C,46.5,39.3,48.5,100.0,37.9,52.2,88.5,47.5
